repo_full_name,topics
firehol/netdata,"agent,alarm,benchmark,dashboard,docker,freebsd,health-check,iot,linux,macos,metrics,monitor,monitoring,notifications,performance,real-time,statsd,status,statuspage,web-analytics"
git/git,"c,shell"
Bilibili/ijkplayer,"android,ffmpeg,ijkplayer,ios,player,video"
ggreer/the_silver_searcher,"ag,c,command-line-tool,pcre,search-in-text,silver-searcher"
vim/vim,"c,cross-platform,text-editor,vim"
FFmpeg/FFmpeg,"audio,c,ffmpeg,fft,hevc,hls,matroska,mp4,mpeg,multimedia,rtmp,rtsp,streaming,video,webm"
vurtun/nuklear,"c,c89,gui,imgui,nuklear,single-header-lib"
obsproject/obs-studio,"c,c-plus-plus,directshow,facebook-live,ffmpeg,game-capture,live-streaming,screen-capture,twitch-tv,video-recording,youtube-live"
libuv/libuv,"asynchronous,deep-io,io,networking,unicorns,unix,velociraptors,windows"
swoole/swoole-src,"asyncio,coroutines,event-driven,network,php,swoole,timer,websocket"
curl/curl,"c,client,curl,ftp,http,https,ldap,libcurl,library,transfer-data,user-agent"
irungentoo/toxcore,"str8c,tox"
mpv-player/mpv,"audio,c,ffmpeg,libav,mplayer,mpv,multimedia,video"
radare/radare2,"analysis,c,commandline,forensics,radare2,reverse-engineering,security,unix"
openssl/openssl,"cryptography,decryption,encryption,openssl,ssl,tls"
allinurl/goaccess,"analytics,apache,c,command-line,dashboard,data-analysis,gdpr,goaccess,monitoring,nginx,privacy,real-time,web-analytics,webserver"
micropython/micropython,"embedded,microcontroller,micropython,python"
libgit2/libgit2,"git,libgit2,library"
phpredis/phpredis,"c,cluster,php,redis,redis-cluster"
jonas/tig,"c,git,ncurses,tui"
googlecreativelab/anypixel,"hardware,javascript,schematics"
Genymobile/scrcpy,"android,c,ffmpeg,libav,screen,sdl2"
Tencent/wcdb,"android,database,ios,mobile,mobile-database,sqlcipher,sqlite,wechat"
haiwen/seafile,"cloud-storage,file-sharing,file-sync"
jedisct1/libsodium,"c,crypto,cryptography"
pbatard/rufus,"assembly,bios,boot,bootable-drives,c,freedos,gpt,grub,grub4dos,iso,mbr,md5,rufus,sha1,sha256,syslinux,uefi,usb,windows,windows-to-go"
timescale/timescaledb,"analytics,financial-analysis,iot,postgres,postgresql,sql,time-series,time-series-database,tsdb"
s-matyukevich/raspberry-pi-os,"arm,armv8,assembler,c,education,kernel,linux-kernel,operating-system,osdev,raspberry-pi,raspberry-pi-3,raspberry-pi-os,resource,tutorial"
skywind3000/kcp,"arq,kcp,udp"
fulldecent/system-bus-radio,"airgap,communication,communication-protocol,electrical-engineering,engineering,equipment,exfiltration,low-level,microprocessor,radiation,radio,security,software-defined-radio,transmission,transmitter"
reactos/reactos,"c,drivers,gpl,kernel,operating-system,os,osdev,win32,win32api,windows,x86"
macvim-dev/macvim,"macos,macvim,vim"
lpereira/lwan,"c,experimental,http,library,lwan"
Xfennec/progress,"coreutils,linux,monitoring"
nodejs/http-parser,"node,nodejs"
Tencent/ncnn,"android,arm-neon,artificial-intelligence,deep-learning,high-preformance,inference,ios,nerual-network,simd"
swaywm/sway,"compositor,wayland"
bingoogolapple/BGAQRCode-Android,"qrcode,qrcode-android,qrcode-generator,qrcode-scanner"
MarlinFirmware/Marlin,"3d-printing,arduino,atmel,avr,firmware,reprap"
bartobri/no-more-secrets,"effect,hacker,matrix,movie,sneakers,terminal"
rofl0r/proxychains-ng,"hack,hook,http,preload,proxy,proxychains,socks"
glfw/glfw,"c,linux,macos,objective-c,opengl,opengles,unix,vulkan,windows"
borgbackup/borg,"backup,borgbackup,c,compression,cython,dedupe,deduplication,encryption,python,python-3,ssh"
leandromoreira/ffmpeg-libav-tutorial,"codec,ffmpeg,ffmpeg-libraries,libav,transcode-video,tutorial,video-processing"
laruence/yaf,"c,php,php-framework,yaf"
ZipArchive/ZipArchive,"objective-c,objective-c-library,swift,swift-3,swift-library,unzipping-files,ziparchive"
jonls/redshift,"color-temperature,eye-strain,gamma-ramps,night,night-mode,redshift"
IAIK/meltdown,"exploit,proof-of-concept,side-channel"
kovidgoyal/kitty,"c,opengl,python,terminal-emulators,terminfo,vt100"
zfsonlinux/zfs,"filesystem,openzfs"
systemd/systemd,"c,init,linux,services,system,systemd"
hishamhm/htop,"c,console,console-application,freebsd,htop,linux,macos,openbsd,process-monitor,system,terminal,tui"
lionsoul2014/ip2region,"clang,golang,ip-address,ip-lookup,java,nodejs,php,python"
HandBrake/HandBrake,"gplv2,multi-platform,video-transcoding"
AppImage/AppImageKit,"appimage,applications,deployment,linux,linux-app,packaging"
Tencent/xLua,"csharp,lua,unity,unity3d,xlua"
awslabs/s2n,"c,c99,crypto,cryptography,encryption,s2n,ssl,tls"
mozilla/mozjpeg,"image-optimization,jpeg-encoder,libjpeg,mozjpeg,web-performance"
CameraKit/camerakit-android,"android,android-library,c-plus-plus,camera,camera-api,capture-video,captured-images,java,native,ndk,performance"
spacehuhn/esp8266_deauther,"arduino,attack,board,deauth,deauther,esp8266,hack,scanning,wifi"
visit1985/mdp,"command-line,markdown,presentation"
munificent/wren,"bytecode,c,fibers,interpreter,language,scripting-languages,wren"
lz4/lz4,"c,compression,lz4"
go-vgo/robotgo,"automation,c,go,golang,robot,robotgo"
DaveDavenport/rofi,"application-launcher,c,dmenu,dmenu-replacement,i3,rofi,window-switcher"
martanne/vis,"c,console-application,lua,modal-editing,structural-regex,text-editor"
begeekmyfriend/yasea,"android,android-development,android-library,android-sdk,camera,gles,glsl,live-streaming,media,opengles,rtmp,rtmp-stream,shader"
marcobambini/gravity,"bridge,bytecode,c,closure,fibers,gravity,interpreter,json,language,object-oriented,objective-c,portable,pratt-parser,programming-language,scripting-language,virtual-machine"
OpenVPN/openvpn,"security,vpn"
jorisvink/kore,"c,framework,high-performance,http,kore,pgsql,tls,web-development"
aquynh/capstone,"arm,arm64,disassembler,framework,mips,powerpc,reverse-engineering,security,sparc,x86,x86-64"
citusdata/citus,"citus,database,distributed-database,multi-tenant,postgres,postgresql,scale,sharding,sql"
nonstriater/Learn-Algorithms,algorithm
sumatrapdfreader/sumatrapdf,"c,c-plus-plus,pdf,pdf-viewer,win32"
pocoproject/poco,"c-plus-plus,configuration,cross-platform,database-access,http-client,http-server,json,logging,networking,poco,sql,xml"
rmtheis/tess-two,"android,leptonica,libjpeg,libpng,ocr,optical-character-recognition,tesseract"
nbs-system/naxsi,"c,naxsi,nginx,waf"
RPISEC/MBE,"ctf,exploitation,wargame"
qmk/qmk_firmware,"c,clueboard,ergodox-ez,keyboard-firmware,olkb"
Netflix/dynomite,"c,cache,distributed-database,dynomite,key-value,nosql,redis"
mattn/go-sqlite3,"go,sqlite,sqlite3-driver"
FreeRDP/FreeRDP,"c,rdp,remote-desktop"
zmap/zmap,"internet-wide-scanning,ipv4,scanning"
jakogut/tinyvm,"c,virtual-machine"
Airblader/i3,"i3,i3-gaps,i3wm,x11,x11-wm,xcb,xorg"
taviso/loadlibrary,"linux,porting,windows"
kornelski/pngquant,"conversion,image-optimization,palette,png,png-compression,quantization"
libretro/RetroArch,"c,libretro,retroarch"
DhavalKapil/icmptunnel,"icmp,proxy,tunnel"
dokan-dev/dokany,"c,dll,dokan,dokan-library,driver,drivers,filesystem,filesystem-library,fuse,kernel-mode,sys,userland,windows"
lc-soft/LCUI,"c,cross-platform-gui,gui-framework,gui-toolkit,uwp,windows"
VirusTotal/yara,yara
jcupitt/libvips,"gif,graphicsmagick,imagemagick,jpeg,libvips,openexr,openslide,python-bindings,tiff,webp"
lxc/lxc,"c,containers,lxc"
krallin/tini,"c,docker,linux"
ossec/ossec-hids,"compliance,file-integrity-management,fim,hids,intrusion-detection,loganalyzer,nist800-53,ossec,pci-dss,policy-monitoring,security"
SpiderLabs/ModSecurity,"apache,apache2,modsecurity,nginx,waf"
answer-huang/dSYMTools,"dsym,xcarchive"
mpc-hc/mpc-hc,"audio,c-plus-plus,cinema,directshow,evr,ffmpeg,h264,lav-filters,lavfilters,media-player,mkv,mpc,mpc-hc,player,trac,video,windows,windows-desktop,x265,xvid"
universal-ctags/ctags,"code-navigation,ctags,developer-tools"
tensorflow/tensorflow,"deep-learning,deep-neural-networks,distributed,machine-learning,ml,neural-network,python,tensorflow"
electron/electron,"c-plus-plus,chrome,css,electron,html,javascript,nodejs,v8"
nwjs/nw.js,"desktop,javascript,node-webkit,nwjs,web-application-framework"
x64dbg/x64dbg,"debugger,disassembler,reverse-engineering,security,windows,x64,x86,x86-64"
bitcoin/bitcoin,"bitcoin,c-plus-plus,cryptocurrency,cryptography,p2p"
google/protobuf,"marshalling,protobuf,protobuf-runtime,protoc,protocol-buffers,protocol-compiler,rpc,serialization"
opencv/opencv,"c-plus-plus,computer-vision,deep-learning,image-processing,opencv"
BVLC/caffe,"deep-learning,machine-learning,vision"
tesseract-ocr/tesseract,"lstm,machine-learning,ocr,ocr-engine,tesseract,tesseract-ocr"
pytorch/pytorch,"autograd,deep-learning,gpu,neural-network,numpy,python,tensor"
godotengine/godot,"game-engine,gamedev,godot,godotengine,multi-platform,open-source"
facebook/hhvm,"hack,hacklang,hhvm,php"
Microsoft/CNTK,"c-plus-plus,c-sharp,cntk,cognitive-toolkit,deep-learning,deep-neural-networks,distributed,java,machine-learning,neural-network,python"
cmderdev/cmder,"c-plus-plus,cmder,color-scheme,conemu,mintty,portable,powershell,ssh-agent"
mongodb/mongo,"c-plus-plus,database,mongodb,nosql"
facebook/osquery,"intrusion-detection,monitoring,security,sql"
dmlc/xgboost,"distributed-systems,gbdt,gbm,gbrt,xgboost"
cocos2d/cocos2d-x,"c-plus-plus,cocos2d,cocos2d-html5,cocos2d-js,cocos2d-x,game-engine,javascript,lua"
google/guetzli,jpeg-encoder
ocornut/imgui,"gamedev,gui,imgui,toolkit,tools,ui"
Tencent/mars,"cross-platform,log,network,wechat"
aria2/aria2,"bittorrent,cpp11,download,ftp,http,metalink,rpc,sftp"
nlohmann/json,"cbor,header-only,json,json-diff,json-merge-patch,json-parser,json-patch,json-pointer,json-serialization,messagepack,msgpack,rfc-6901,rfc-6902,rfc-7049,rfc-7159,rfc-8259,stl-containers,ubjson"
ApolloAuto/apollo,"apollo,autonomous-driving,autonomous-vehicles,autonomy,self-driving-car"
OpenGenus/cosmos,"algorithm,datastructures,interview-questions,library,offline-app,opengenus,search-algorithms,sorting-algorithms"
uNetworking/uWebSockets,"hobby-project,http,no-cmake-allowed,no-free-support,report-bugs-at-gitlab,websockets"
sqlitebrowser/sqlitebrowser,"c-plus-plus,cross-platform,database,database-browser,database-gui,sqlite,sqlitebrowser"
Microsoft/napajs,"javascript,multi-core,multithreading,napajs,nodejs,parallel,runtime"
caffe2/caffe2,"ai,artificial-intelligence,caffe2,deep-learning,deep-neural-networks,machine-learning,ml"
CRYTEK/CRYENGINE,"3d-engine,3d-game-engine,c-plus-plus,c-plus-plus-11,cross-platform,game-development,game-engine,gamedev,multi-platform"
apple/foundationdb,"acid,distributed-database,key-value-store,transactional"
uglide/RedisDesktopManager,"database-gui,redis,redis-desktop-manager"
CMU-Perceptual-Computing-Lab/openpose,"caffe,computer-vision,cpp,cpp11,cvpr-2017,deep-learning,human-behavior-understanding,human-pose-estimation,machine-learning,multi-threading,opencv,openpose,real-time"
telegramdesktop/tdesktop,"messenger,multi-platform,telegram,telegram-desktop,telegram-solution"
SFTtech/openage,"age-of-empires,c-plus-plus,clone,cmake,cpp,cpp17,engine,entity-component-system,game,game-engine,internet,linux,multiplayer,nyan,openage,opengl,python,qt,rts-engine,strategy"
xbmc/xbmc,"android,c-plus-plus,home-theater,ios,kodi,linux,macos,media-center,media-player,multimedia,python,windows-desktop,windows-uwp,xml"
mozilla/DeepSpeech,"deep-learning,machine-learning,neural-networks,speech-recognition,speech-to-text,tensorflow"
brpc/brpc,"baidu-rpc,brpc,bthread,bvar,network-communication,pbrpc,protobuf,rpc,rpc-framework,tcp-connection"
catchorg/Catch2,"bdd,c-plus-plus,cpp11,cpp98,framework,header-only,no-dependencies,single-file,tdd,test-framework,testing"
apple/turicreate,"deep-learning,machine-learning,python-library"
tekezo/Karabiner-Elements,"keyboard,macos"
openframeworks/openFrameworks,"android,audio,computer-vision,creative-coding,emscripten,graphics,ios,linux,opencv,openframeworks,opengl,osx,raspberry-pi,video,windows"
alibaba/AndFix,"android,hotfix"
zealdocs/zeal,"api,api-documentation,dash,developer-tools,docs,docset,documentation,documentation-tool,offline,zeal"
vnpy/vnpy,"algotrading,finance,fintech,investment,python,quant,trading,vnpy"
OpenRCT2/OpenRCT2,"c,c-plus-plus,cmake,game,gitter,linux,macos,msbuild,multiplayer,opengl,openrct2,roller-coaster,roller-coaster-tycoon,sdl2,server,simulation,visual-studio,windows,xcode"
Microsoft/LightGBM,"data-mining,decision-trees,distributed,gbdt,gbm,gbrt,gradient-boosting,kaggle,lightgbm,machine-learning,microsoft,parallel,python,r"
notepad-plus-plus/notepad-plus-plus,"editor,notepad,notepad-official,windows"
arangodb/arangodb,"arangodb,database,distributed-database,document-database,graph-database,graphdb,key-value,multi-model,nosql"
bjorn/tiled,"c-plus-plus,editor,game-development,level,level-editor,map-editor,qbs,qmake,qt,qt-framework,tile,tilesets"
AudioKit/AudioKit,"audio,audiokit,ios,macos,midi,music,playground,swift,swift-playgrounds,tvos"
ideawu/ssdb,"leveldb,nosql-databases,ssdb"
envoyproxy/envoy,"cars,cats,cats-over-dogs,cncf,corgis,more-cats,nanoservices,rocket-ships"
ethereum/solidity,"blockchain,cpp,ethereum,language,smartcontracts,solidity"
Microsoft/AirSim,"ai,airsim,artificial-intelligence,autonomous-quadcoptor,autonomous-vehicles,computer-vision,control-systems,cross-platform,deep-reinforcement-learning,deeplearning,drones,pixhawk,platform-independent,research,self-driving-car,simulator,unreal-engine"
sass/node-sass,"libsass,node-sass,sass-files,scss,scss-files"
davisking/dlib,"c-plus-plus,computer-vision,deep-learning,machine-learning,machine-learning-library,python"
shadowsocks/shadowsocks-qt5,"cross-platform,proxy,qt5,shadowsocks"
bkaradzic/bgfx,"d3d11,d3d12,d3d9,directx,emscripten,engine,gamedev,gamedev-library,gles,glfw,graphics,graphics-programming,metal,opengl,rendering,sdl,vulkan,webgl"
Maximus5/ConEmu,"command-line,conemu,console,customizable,shell,terminal,windows"
yuzu-emu/yuzu,"c-plus-plus,cpp,emulation,emulator,switch"
visualfc/liteide,"cross-platform,go,golang,ide,liteide,qt"
TrinityCore/TrinityCore,"mmorpg,multi-platform,multiplayer,trinitycore,wow"
dolphin-emu/dolphin,"cpp,emulation,emulator,gamecube,wii"
dropbox/lepton,"compression,compression-algorithm,decompression,jpeg,lossless-compression-algorithm"
SFML/SFML,"c-plus-plus,games,multimedia,sfml"
zeromq/libzmq,"concurrency,libzmq,messaging,network,networking,pubsub,pushpull,stream,zeromq,zmq,zmtp"
aseprite/aseprite,"animated-sprites,animation,gif,graphics,pixel-art,spritesheet"
butor/blackbird,"arbitrage,bitcoin,c-plus-plus,market-neutrality,trading-bot"
ipkn/crow,"c-plus-plus,crow,header-only,webserver"
Tencent/Tars,"high-availability,high-performance,microservice,rpc-framework"
tiny-dnn/tiny-dnn,"c-plus-plus,deep-learning,machine-learning,neural-network"
scylladb/scylla,"c-plus-plus,cassandra,nosql,scylla,seastar"
phusion/passenger,"application-server,appserver,cloud,nodejs,ruby"
citra-emu/citra,"3ds,arm,c-plus-plus,cpp,emulation,emulator"
kyleneideck/BackgroundMusic,"audio,audio-utility,cpp,macos,objective-c"
fmtlib/fmt,"c-plus-plus,formatting,printf"
ossrs/srs,"cdn,cluster,hls,http-flv,http-streaming,live,live-streaming,media-server,rtmp,rtmp-server,srs"
PaddlePaddle/paddle-mobile,"arm,baidu,deep-learning,embedded,fpga,mali,mdl,mobile,neural-network"
rovo89/Xposed,"android,xposed"
keepassxreboot/keepassxc,"cross-platform,keepass,keepassxc,linux,osx,password-manager,windows,yubikey"
liuruoze/EasyPR,"artificial-intelligence,computer-vision,machine-learning,plate-recognition,unconstrained-situation"
Squirrel/Squirrel.Windows,"c-sharp,installer,squirrel,windows"
scylladb/seastar,"aio,async,c-plus-plus,dpdk,seastar"
bulletphysics/bullet3,"computer-animation,game-development,kinematics,robotics,simulation,virtual-reality"
kelektiv/node.bcrypt.js,bcrypt
spotify/annoy,"approximate-nearest-neighbor-search,c-plus-plus,golang,locality-sensitive-hashing,lua,nearest-neighbor-search,python"
Provenance-Emu/Provenance,"atari,bandai,emulator,gameboy,genesis,ios,n64,nec,nes,nintendo,objective-c,psx,retrogaming,sega,snes,snk,sony,swift,tvos"
mawww/kakoune,"c-plus-plus,console-application,kakoune,modal-editing,text-editor,vim"
oguzhaninan/Stacer,"desktop-application,linux,monitoring,optimizer,stacer,system,system-information,ubuntu"
ValveSoftware/GameNetworkingSockets,"game-development,networking,realtime-messaging,reliable-messages"
minetest/minetest,"c-plus-plus,cpp11,game-engine,lua,minetest,voxel,voxel-engine"
ArduPilot/ardupilot,"arducopter,ardupilot,arduplane,ardurover,ardusub,autopilot,auv,copter,drone,dronekit,mavlink,plane,robotics,ros,rov,rover,sub,uas,uav,ugv"
ponylang/ponyc,"actor-model,pony-language,pony-source,ponyc,programming-language"
electronicarts/EASTL,"c-plus-plus,c-plus-plus-11,c-plus-plus-14,c-plus-plus-17,eastl,games,modern-cpp,stl"
arendst/Sonoff-Tasmota,"esp8266,firmware,sonoff,tasmota,wemos-d1-mini"
mozilla/rr,"debugger,gdb,linux,reverse-execution"
assimp/assimp,"3mf,android,asset-pipeline,assets,assimp,c-plus-plus,cmake,collada,dae,fbx,game-development,ifc,objective-c,patreon,stl"
ethereum/cpp-ethereum,"cpp,ethereum,ethereum-client"
ValveSoftware/openvr,"hardware,openvr-sdk,sdk,steamvr,steamvr-plugin,vr"
shadowsocks/shadowsocks-windows,"c-sharp,proxy,shadowsocks"
CodeHubApp/CodeHub,"c-sharp,codehub,github,reactiveui"
dotnet/corefx,"coreclr,corefx,csharp,dotnet,dotnet-core,dotnetcore,microsoft"
PowerShell/PowerShell,"command-line,linux,macos,netcore,powershell,shell,windows"
Wox-launcher/Wox,"alfred,launcher,launchy,spotlight,windows,wox"
dotnet/roslyn,"csharp,roslyn,visual-basic,visual-studio"
dotnet/coreclr,"c-sharp,coreclr,corefx,dotnet,dotnet-core,dotnetcore,jit,runtime"
StackExchange/Dapper,"ado-net,dapper,sql"
mxgmn/WaveFunctionCollapse,"algorithm,c-sharp,gamedev,machine-learning,procedural-generation,wfc"
ShareX/ShareX,"capture,color-picker,csharp,dropbox,file-sharing,file-upload,ftp,gif,gif-recorder,image-annotation,imgur,ocr,productivity,region-capture,screen-capture,screen-recorder,screenshot,share,sharex,url-shortener"
SignalR/SignalR,"asp,c-sharp,signalr"
mono/mono,"android,csharp,dotnet,garbage-collector,ios,jit,runtime,xamarin"
NancyFx/Nancy,"c-sharp,dotnet,dotnet-core,framework,mit,mono,nancy,nancy-application,nancyfx,web,web-application-framework"
dotnet-architecture/eShopOnContainers,"ddd,ddd-patterns,docker,microservices,netcore,spa,windowscontainers,xamarin"
aspnet/EntityFrameworkCore,"aspnet-product,c-sharp,database,dotnet-core,dotnet-framework,dotnet-standard,entity-framework,orm"
JamesNK/Newtonsoft.Json,"c-sharp,json"
0xd4d/dnSpy,"assembly-editor,debugger,decompiler"
aspnet/Mvc,aspnet-product
OpenRA/OpenRA,"c-sharp,strategy-game-engine"
thangchung/awesome-dotnet-core,"awesome,awesome-list,csharp,dotnet-core,list,microsoft"
Microsoft/BotBuilder,"bot,bot-builder,bot-framework,csharp,microsoft-bot-framework,nodejs,sdk"
MonoGame/MonoGame,"cross-platform,csharp,game-framework,gamedev,graphics,monogame,open-source,xna"
Microsoft/react-native-windows,"dotnet,react,react-native,uwp,xbox"
MahApps/MahApps.Metro,"c-sharp,mahapps,metro,metro-application,modern,open-source,oss,theme,ui,visual,windows,wpf,wpf-mahapps,xaml"
aspnetboilerplate/aspnetboilerplate,"abp,architecture,aspnet,aspnet-core,aspnetcore,best-practices,c-sharp,domain-driven-design,dotnet,framework,multi-tenancy"
ButchersBoy/MaterialDesignInXamlToolkit,"c-sharp,design,dragablz,material,material-design,theme,wpf,xaml"
AvaloniaUI/Avalonia,"c-sharp,gui,multi-platform,xaml"
cefsharp/CefSharp,"browser,c-plus-plus,c-sharp,cefsharp,framework,winforms,wpf"
App-vNext/Polly,"circuit-breaker,circuit-breaker-pattern,dotnet,fault-handler,resilience,resiliency-patterns,retry-strategies,transient-fault-handling"
ServiceStack/ServiceStack,"c-sharp,csv,framework,high-performance,json,mono,mq,net-framework,netcore,soap,web,webservices,xml"
chocolatey/choco,"c-sharp,chocolatey,package-management,package-manager,package-manager-tool,powershell,software,software-management,softwareautomation,windows,windows-server"
NickeManarin/ScreenToGif,"editor,gif,recorder,sketchboard,video,webcam,wpf"
hbons/SparkleShare,"collaboration,cross-platform,dropbox,git,git-lfs,privacy,self-hosted,sharing,sync,version-control"
dotnet/orleans,"actor-model,cloud-computing,concurrency,distributed-actors,distributed-systems,orleans,reactive,scalability"
reactiveui/ReactiveUI,"android,csharp,dotnet,first-timers,framework,functional-reactive-programming,ios,mvvm,opencollective,reactive-extensions,reactive-programming,reactiveui,sponsorship,tizen,uwp,winforms,wpf,xamarin,xamarin-forms"
HJLebbink/asm-dude,"assembler,assembly,assembly-language-programming,avx2,avx512,code-completion,disassembly,masm,nasm,syntax-highlighting,visual-studio,visual-studio-extension,x86-64"
HangfireIO/Hangfire,"background-jobs,background-thread,background-worker,dotnet,dotnet-core,hangfire,scheduled-jobs"
JeffreySu/WeiXinMPSDK,"c-sharp,cache,distributed-cache,dotnet-core,dotnet-standard,jssdk,memcached,net-core,net-core-2,nuget,officialaccounts,redis,sdk,senparc,tenpay,wechat,wechat-sdk,weixin,weixin-miniprogram,weixin-sdk"
Microsoft/msbuild,"build,microsoft,msbuild,visual-studio"
opserver/Opserver,"bosun,dotnet,elasticsearch,monitoring,orion,redis,sql"
dvf/blockchain,"bitcoin,blockchain,cryptocurrency,flask,python"
HearthSim/Hearthstone-Deck-Tracker,"c-sharp,deck-tracker,hdt,hearthstone,hearthstone-deck-tracker,overlay"
Unity-Technologies/ml-agents,"deep-learning,deep-reinforcement-learning,neural-networks,reinforcement-learning,unity,unity3d"
NLog/NLog,"logging,logging-library,netcore,netstandard,netstandard13,netstandard15,netstandard20,nlog,silverlight,structured-logging,uwp,xamarin"
dotnet/BenchmarkDotNet,"benchmark,benchmarking,c-sharp,dotnet,performance"
IdentityServer/IdentityServer4,"aspnet-core,dotnet,identity,identityserver4,oauth2,openid-connect,security"
aspnet/JavaScriptServices,"aspnet-product,dotnet-template"
duplicati/duplicati,"backup,c-sharp,client-only-backup,cloud-backup,cloud-storage-services,duplicati,encryption,sftp,tno-backup,trust-no-one-backup,webdav"
aspnet/Docs,"asp,aspnet,aspnet-core,aspnetcore,docs,mvc5,mvc6"
gitextensions/gitextensions,"git,git-client,git-gui,gitextensions"
accord-net/framework,"c-sharp,computer-vision,ffmpeg,framework,image-processing,machine-learning,neural-network,nuget,statistics,support-vector-machines,unity3d,visual-studio"
StackExchange/StackExchange.Redis,"c-sharp,redis,redis-client"
akkadotnet/akka.net,"actor,actor-model,akka,cluster,concurrency,distributed-programming,dotnet,reactive"
dotnet/csharplang,"csharp,language-design"
JustArchi/ArchiSteamFarm,"automation,bot,c-sharp,cli,cli-app,crowdin,csharp,linux,localized,steam,steam-account,steam-api,steam-cards,steam-client,steam-games,steam-language,steam-network,steambot,steamkit2,valve"
dotnet/machinelearning,"algorithms,dotnet,machine-learning,ml"
jaredpar/VsVim,"c-sharp,f-sharp,vim,visual-studio,vsix"
sschmid/Entitas-CSharp,"c-sharp,design-pattern,design-patterns,ecs,entitas,entitas-csharp,entity,entity-component,entity-component-system,entity-framework,game,game-development,game-engine,gamedev,paradigm,paradigmshift,performance,tdd,test-driven-development,unity"
MvvmCross/MvvmCross,"android,c-sharp,dotnet,ios,macos,mono,monodroid,monotouch,mvvm,mvvmcross,mvx,nuget,tvos,uwp,visual-studio,wpf,xamarin,xamarin-forms"
quartznet/quartznet,"c-sharp,cron,dotnet,nuget,quartz,scheduled-jobs,scheduled-tasks,scheduler,scheduling"
neuecc/UniRx,"c-sharp,linq,reactive-extensions,rx,unirx,unity"
EventStore/EventStore,"cqrs,database,event-sourcing,event-store,eventsourcing,eventstore"
neo-project/neo,neo
Live-Charts/Live-Charts,"chart,data-visualization,maps,uwp,winforms,wpf"
xamarin/Xamarin.Forms,"cross-platform,microsoft,user-interface,xamarin,xamarin-forms"
thestonefox/VRTK,"oculus-rift,steamvr,steamvr-plugin,unity3d,virtual-reality,vr,vr-solutions,vrtk"
aspnet/KestrelHttpServer,aspnet-product
PrismLibrary/Prism,"c-sharp,mvvm,prism,uwp,visual-studio,wpf,xamarin-forms,xamarin-studio"
ElectronNET/Electron.NET,"asp-net-core,asp-net-core-mvc,aspnet,dotnet,dotnet-core,dotnet-standard,electron"
Unity-Technologies/PostProcessing,"effects,post-processing,unity"
itinance/react-native-fs,"download,filesystem,react-native"
mRemoteNG/mRemoteNG,"mremoteng,rdp,remote-access,remote-desktop,ssh"
graphql-dotnet/graphql-dotnet,"api,dotnet-core,graphiql,graphql,graphql-dotnet"
Radarr/Radarr,"bittorrent,couchpotato,movie,movies,nzb,torrent,usenet"
mono/monodevelop,"c-sharp,dotnet,ide,monodevelop"
autofac/Autofac,"autofac,c-sharp,dependency-injection,ioc-container,netcore,netstandard"
Microsoft/WindowsCommunityToolkit,"csharp,uwp,uwp-apps,uwp-toolkit,visual-studio,windows-10,windows-toolkit,xaml"
AngleSharp/AngleSharp,"anglesharp,c-sharp,dom,html,library,parser"
umbraco/Umbraco-CMS,"cms,csharp,umbraco,umbraco-cms"
jstedfast/MailKit,"c-sharp,client,dkim,email,imap,mime,mime-parser,parser,pgp,pop3,smime,smtp"
SixLabors/ImageSharp,"bmp,c-sharp,drawing,exif,gif,graphics,image-processing,jpeg,netcore,png"
louthy/language-ext,"c-sharp,f-sharp,functional-languages,higher-kinded-types,immutable-collections,language-ext,monad-transformers,monads"
serilog/serilog,serilog
scriptcs/scriptcs,"csx,roslyn,scriptcs"
Microsoft/PTVS,"ptvs,python,visual-studio"
ravendb/ravendb,"c-sharp,database,document-database,nosql,nosql-data-storage,nosql-databases,ravendb"
aspnet/SignalR,aspnet-product
JimBobSquarePants/ImageProcessor,"aspnet,bmp,c-sharp,gif,image-processor,jpeg,png,tiff,webp"
mongodb/mongo-csharp-driver,mongodb
migueldeicaza/TensorFlowSharp,"c-sharp,dot-net,f-sharp,machine-learning,mono,tensorflow,xamarin"
Microsoft/MixedRealityToolkit-Unity,"hololens,holotoolkit,holotoolkit-unity,mixed-reality"
ThreeMammals/Ocelot,"api-gateway,asp-net,asp-net-core,dotnet,dotnet-core,dotnetcore,microservices-architecture,middleware,middleware-pipeline,netstandard20,ocelot"
elastic/elasticsearch-net,"c-sharp,dot-net,dot-net-client,elasticsearch,elasticsearch-net,nest"
ppy/osu,"game,osu,rhythm"
aalhour/C-Sharp-Algorithms,"algorithm,algorithms,binary-trees,csharp,data-structures,graph,graph-algorithms,tree"
cake-build/cake,"build-automation,build-tool,c-sharp,cake,continuous-integration,dotnet,dotnetcore,nuget,nunit,unit-testing,xunit"
OrchardCMS/OrchardCore,"c-sharp,cms,dotnet-core,dotnetcore,modular,modules,orchard-cms"
Codeusa/Borderless-Gaming,"borderless,c-sharp,directx,games,steam"
QuantConnect/Lean,"algorithm,algorithmic-trading-engine,c-sharp,finance,forex,lean-engine,options,python,quantconnect,stock-indicators,trading-algorithms,trading-bot,trading-platform,trading-strategies"
TheBerkin/rant,"c-sharp,csharp,dotnet,dsl,game-development,gamedev,generative-text,language,library,nuget,pcg,procedural,procedural-generation,rant,scripting,template-engine,text-generation,unity,unity3d,writing"
moby/moby,"containers,docker,go"
golang/go,"go,language,programming-language"
kubernetes/kubernetes,"cncf,containers,go,kubernetes"
avelino/awesome-go,"awesome,awesome-list,go,golang,golang-library"
gohugoio/hugo,"blog-engine,cms,content-management-system,documentation-tool,go,hugo,static-site-generator"
gogs/gogs,"git,go,gogs"
grafana/grafana,"alerting,analytics,elasticsearch,go,grafana,graphite,influxdb,metrics,monitoring,prometheus"
syncthing/syncthing,"go,p2p,peer-to-peer,synchronization"
coreos/etcd,"consensus,database,distributed-database,distributed-systems,etcd,go,key-value,kubernetes,raft"
ethereum/go-ethereum,"blockchain,ethereum,geth,go,p2p"
gin-gonic/gin,"framework,gin,go,middleware,performance,router,server"
mholt/caddy,"automatic-https,caddyfile,go,http,http-server,https,reverse-proxy,tls,web-server"
prometheus/prometheus,"alerting,graphing,metrics,monitoring,prometheus,time-series"
containous/traefik,"consul,docker,etcd,go,golang,kubernetes,letsencrypt,load-balancer,marathon,mesos,microservice,reverse-proxy,zookeeper"
astaxie/beego,"beego,go"
junegunn/fzf,"bash,cli,fish,fzf,go,neovim,unix,vim,zsh"
drone/drone,"build-automation,build-pipelines,continuous-delivery,continuous-integration,docker,go"
pingcap/tidb,"database,distributed-database,distributed-transactions,htap,mysql,mysql-protocol,scale,sql,tidb"
cockroachdb/cockroach,"cockroachdb,database,distributed-database,go,sql"
influxdata/influxdb,"database,influxdb,metrics,monitoring,time-series"
fatedier/frp,"firewall,go,nat,proxy,reverse-proxy,tunnel"
github/hub,"git,github-api,go,homebrew"
nsqio/nsq,"distributed-systems,go,message-queue,messaging,nsq,queue"
hashicorp/terraform,"go,graph,infrastructure-as-code,terraform"
minio/minio,"amazon-s3,cloud,cloudnative,cloudstorage,go,objectstorage,s3,storage"
cayleygraph/cayley,"cayley,go,graph,graph-database"
labstack/echo,"echo,go,http2,https,labstack-echo,letsencrypt,micro-framework,microservice,middleware,ssl,web,web-framework,websocket"
kataras/iris,"android,cross-platform,easy-to-use,go,golang,high-performance,http2,iris,mvc,unix,web-framework,windows"
openfaas/faas,"docker,faas,functions,functions-as-a-service,hacktoberfest,k8s,kubernetes,lambda,prometheus,serverless,serverless-architectures,serverless-functions,service,swarm"
yudai/gotty,"browser,go,javascript,terminal,tty,typescript,web,websocket"
go-kit/kit,"go,golang,metallica,microservices"
ncw/rclone,"amazon-drive,azure-blob,backblaze-b2,cloud-storage,dropbox,encryption,ftp,fuse-filesystem,go,golang,google-cloud-storage,google-drive,hubic,onedrive,openstack-swift,rclone,s3,sftp,sync,webdav"
joewalnes/websocketd,"proxy,websocket-server,websockets"
kubernetes/minikube,"cluster,cncf,containers,go,kubernetes,minikube"
golang/dep,"dependency-manager,golang,package-manager,toolchain"
hashicorp/vault,"go,secrets,vault"
zyedidia/micro,"command-line,cross-platform,editor,go,golang,micro,text-editor"
jinzhu/gorm,"go,golang,gorm,orm,web"
buger/goreplay,"devops,go,qa,testing,testing-tools"
fogleman/primitive,"art,go,graphics,primitives"
rancher/rancher,"cattle,docker,kubernetes,mesos,orchestration,rancher,swarm"
istio/istio,"api-management,circuit-breaker,consul,enforce-policies,envoy,fault-injection,kubernetes,lyft-envoy,microservice,microservices,nomad,polyglot-microservices,proxies,request-routing,resiliency,service-mesh"
v2ray/v2ray-core,"golang,http-proxy,proxy,shadowsocks,socks,socks5,v2ray,vmess"
go-gitea/gitea,"devops,git,gitea,github,gitlab,go,gogs,golang"
Unknwon/the-way-to-go_ZH_CN,"book,go,translation,tutorial"
derekparker/delve,"debugger,go,golang"
urfave/cli,"cli,command-line,go,golang-library,json,toml,yaml"
xtaci/kcptun,"fec,golang,kcp,reed-solomon,tunnel,udp"
tsenart/vegeta,"benchmarking,go,http,load-testing"
esimov/caire,"edge-detection,face-detection,golang,image-cropper,image-processing,image-resize,opencv,seam-carving,smartcrop,sobel"
rkt/rkt,"cncf,containers,go,oci,pods,rkt"
sirupsen/logrus,"go,logging,logrus"
CodisLabs/codis,"go,golang,nosql,redis,redis-cluster"
asciimoo/wuzz,"cli,curl,go,golang,http,http-inspection,inspector"
julienschmidt/httprouter,"go,http,mux,router"
apex/apex,"aws,aws-lambda,faas,golang,lambda,node,serverless"
bcicen/ctop,"command-line,commandline,containers,docker,monitoring,runc,top"
gopherjs/gopherjs,"compiler,go,javascript"
Masterminds/glide,"go,golang,package-management,semantic-versions"
dutchcoders/transfer.sh,"docker,golang,share,transfer,transfersh"
gorilla/mux,"go,gorilla,http,mux,router"
senorprogrammer/wtf,"cui,dashboard,devops,go,golang,terminal,tui,wtf"
google/gvisor,"containers,docker,kernel,kubernetes,linux,oci,sandbox"
kubernetes/helm,"chart,charts,cncf,helm,kubernetes"
vitessio/vitess,"cncf,database-cluster,kubernetes,mysql,shard"
gravitational/teleport,"ansible,bastion,docker,firewall,go,mfa,security,ssh,two-factor,u2f,yubikey"
coreybutler/nvm-windows,"go,management,node,nodejs,nvm,switch,version,version-manager,versioning,windows"
gorilla/websocket,"go,golang,gorilla,gorilla-websocket,websocket"
tmrts/go-patterns,"awesome,design-patterns,design-patterns-for-humans,go,golang,idioms,patterns"
PuerkitoBio/goquery,"goquery,html-parsing,jquery,selector-strings"
dgraph-io/dgraph,"database,distributed,go,golang,graph-database,graphdb,latency,production,scale,throughput"
hyperledger/fabric,"blockchain,confidentiality,consensus,distributed-ledger,fabric,hyperledger"
git-lfs/git-lfs,"git,git-lfs,go"
elastic/beats,"auditbeat,beats,elastic,elasticbeats,filebeat,go,heartbeat,lightweight-shippers,metricbeat,packetbeat,winlogbeat"
go-sql-driver/mysql,"database,go,mariadb,mysql,mysql-driver,sql"
apex/up,"api,api-gateway,aws,aws-infrastructure,aws-lambda,deploy-tool,deployment,golang,graphql,heroku,http,lambda,microservice,microservices,nodejs,serverless,static,up"
github/gh-ost,"mysql,schema-migrations"
tylertreat/comcast,"bandwidth,chaos,chaos-engineering,go,latency,packet-loss"
chrislusf/seaweedfs,"distributed-storage,distributed-systems"
future-architect/vuls,"cybersecurity,freebsd,go,golang,linux,security,security-audit,security-automation,security-hardening,security-scanner,security-tools,security-vulnerability,vulnerability-assessment,vulnerability-detection,vulnerability-management,vulnerability-scanner,vulnerability-scanners,vuls"
schachmat/wego,"ascii-art,ascii-table,forecast,go,terminal,weather,wego"
openebs/openebs,"block-storage,cloud-native,containerization,devops,docker,ebs,ebs-volumes,k8s,kubernetes,openebs,persistent-storage,persistent-workloads,pod,storage,storage-container"
stretchr/testify,"assertions,go,golang,mocking,testify,testing,toolkit"
gocolly/colly,"crawler,crawling,framework,go,golang,scraper,scraping,spider"
weaveworks/weave,"container-networking,docker,go,kubernetes"
sosedoff/pgweb,"cross-platform,golang,pgweb,postgresql"
influxdata/telegraf,"monitoring,telegraf,time-series"
txthinking/brook,"android,brook,gfw,ios,linux,macos,proxy,shadowsocks,socks,socks5,vpn,windows"
teh-cmc/go-internals,"book,go,golang,internals"
jaegertracing/jaeger,"cncf,dapper,distributed-tracing,jaeger,opentracing,zipkin"
cloudson/gitql,"git,go"
fabiolb/fabio,"consul,go,golang,load-balancer,vault"
opencontainers/runc,"containers,docker,oci"
upspin/upspin,"cryptography,fuse,golang,sharing,storage,upspin"
tidwall/tile38,"database,geo,geofence,geojson,geolocation,geospatial,gis,redis,spatial"
openshift/origin,"caas,ci-cd,containers,continuous-delivery,continuous-deployment,continuous-integration,devops,go,kubernetes,openshift,openshift-origin,paas"
restic/restic,"backup,dedupe,deduplication,go,restic,secure-by-default"
gomodule/redigo,"go,redis"
micro/micro,"cloud-native,distributed-systems,future-proof,go,micro,microservice,microservices,rpc"
simeji/jid,"cli,go,golang,jid,json,tool"
iluwatar/java-design-patterns,"awesome-list,design-patterns,java,principles,snippets,snippets-collection,snippets-library"
ReactiveX/RxJava,"flow,java,reactive-streams,rxjava"
elastic/elasticsearch,"elasticsearch,java,search-engine"
spring-projects/spring-boot,"framework,java,spring,spring-boot"
google/guava,"guava,java"
kdn251/interviews,"algorithm,algorithm-challenges,algorithm-competitions,algorithms,coding-challenge,coding-challenges,coding-interview,coding-interviews,interview,interview-practice,interview-prep,interview-preparation,interview-questions,interviews,java,leetcode,leetcode-java,leetcode-questions,leetcode-solutions,technical-coding-interview"
bumptech/glide,"android,disk-cache,gif,glide,imageloader"
spring-projects/spring-framework,"framework,spring,spring-framework"
airbnb/lottie-android,"after-effects,airbnb,android,animation,lottie"
apache/incubator-dubbo,"cluster,distributed-systems,dubbo,high-performance,java,microservices,rpc,rpc-framework,service-consumer,service-discovery,service-oriented,service-provider,service-registration,service-registry,soa,spring"
zxing/zxing,"android,barcode,barcode-scanner,datamatrix,java,qr-code,upc,zxing"
Blankj/AndroidUtilCode,"activity,android,app,bar,cache,encode,encrypt,file,fragment,log,network,permission,reflect,regex,snackbar,spannable-string,thread-pool,time,toast,utils"
skylot/jadx,"android,decompiler,java"
libgdx/libgdx,"2d,3d,android,cross-platform,framework,game,html5,ios,java,libgdx,linux,macosx,windows"
CymChad/BaseRecyclerViewAdapterHelper,"android,android-library,recyclerview,recyclerview-adapter,recyclerview-item-animation"
alibaba/fastjson,"android,best-performance,deserialization,fastjson,java,json,json-parser,json-serialization,json-serializer,serialization"
afollestad/material-dialogs,"alert,android,dialogs,material,material-design,ui"
scwang90/SmartRefreshLayout,"android,android-ui,footer,header,overscroll,pull-to-refresh,pulltorefresh,refreshlayout"
Tencent/tinker,"android,dynamic,hotfix,wechat"
android10/Android-CleanArchitecture,"android,android-application,android-architecture,android-cleanarchitecture,android-development,architectural,java"
SeleniumHQ/selenium,"java,python,ruby,selenium,webdriver"
shuzheng/zheng,"activemq,alioss,druid,dubbo,ehcache,fastdfs,microservices,mybatis,mybatis-generator,quartz,redis,sequence,shiro,solr,spring,spring-session,springmvc,swagger2,tbschedule,zookeeper"
jenkinsci/jenkins,"continuous-delivery,continuous-deployment,continuous-integration,devops,groovy,java,jenkins,pipelines-as-code"
google/ExoPlayer,"android,exoplayer,java,mediaplayer"
hdodenhof/CircleImageView,"android,imageview,widget"
DrKLO/Telegram,telegram
realm/realm-java,"android,database,java,mobile,mobile-database,nosql-database,realtime-database"
daimajia/AndroidViewAnimations,"android,animation,easing-functions"
winterbe/java8-tutorial,"guide,java,java-8,lambda-expressions,learning,parallel-streams,stream,tutorial"
orhanobut/logger,"android,java,json-logging,log,logcat,logger,pretty-printer,timber"
mikepenz/MaterialDrawer,"android,android-development,android-library,android-ui,drawer,drawer-support,drawerlayout,java,material-components,material-design,material-theme,material-ui,materialdrawer,mikepenz,navigation-drawer"
bazelbuild/bazel,"bazel,build,build-system,correct,fast,multi-language,scalable,test"
deeplearning4j/deeplearning4j,"artificial-intelligence,deeplearning,deeplearning4j,dl4j,gpu,hadoop,intellij,java,neural-nets,spark"
ksoichiro/Android-ObservableScrollView,"android,android-library,android-ui,material-design"
navasmdc/MaterialDesignLibrary,"android,material-design"
openzipkin/zipkin,"dapper,distributed-tracing,tracing,zipkin"
wasabeef/recyclerview-animators,"android,android-library,animation,recyclerview"
alibaba/vlayout,"android,layout,layout-manager,layoutmanager,recyclerview-multi-type,tangram"
Tencent/VasSonic,"android-sdk,h5,hybrid,ios-sdk,web,webview"
eclipse/vert.x,"concurrency,event-loop,high-performance,http2,java,jvm,netty,nio,non-blocking,reactive,vertx"
mybatis/mybatis-3,"java,mybatis,sql"
Curzibn/Luban,"android,image-compression,luban"
apl-devs/AppIntro,"appintro,custom-slides,material-design,slide,slide-policy"
wix/react-native-navigation,"navigation,navigator,react-native"
jeasonlzy/okhttp-OkGo,"http,okgo,okhttp,restful,rxjava,rxjava2"
prestodb/presto,"big-data,hadoop,hive,java,presto,sql"
Bigkoo/Android-PickerView,"android-pickerview,datepicker,optionspicker,pickerview,timepicker,wheelview"
hankcs/HanLP,"chinese-word-segmentation,crf,dependency-parser,doublearraytrie,hanlp,hmm,named-entity-recognition,natural-language-processing,neural-network,nlp,perceptron,pos-tagging,text-classification,text-mining,textrank,trie,word2vec"
81813780/AVLoadingIndicatorView,"android,animation,indicator,loading"
permissions-dispatcher/PermissionsDispatcher,"android,java,kotlin"
florent37/MaterialViewPager,"android,java,kenburnsview,material,materialviewpager,parallax,scroll,toolbar,viewpager"
JackyAndroid/AndroidInterview-Q-A,"android,interview,interview-questions"
Yalantis/uCrop,"android,animation,crop,image,java,photo,rotation,scale"
Freelander/Android_Data,"android,android-library,android-studio,android-tools,animations,apps,awesome,google-android,material-design,open-source-project"
brettwooldridge/HikariCP,"connection-pool,high-performance,java,jdbc"
google/agera,"agera,android,reactive"
zhihu/Matisse,"android,android-image-picker,android-image-selector,android-library,video-selector"
lipangit/JiaoZiVideoPlayer,"android,fullscreen,jiao-zi,jiaozi,jiecaovideoplayer,player,video"
mockito/mockito,"java,java-library,mock,mock-library,mocking,mocking-framework,mockito,mocks,test-automation,test-driven-development,testing,testing-tools"
lingochamp/FileDownloader,"android,breakpoint,download,downloader,filedownloader,high-concurrency,multiple-process,multiple-thread,multitasking"
vondear/RxTool,"alipay,barcode,dialog,java,likeview,netspeed,progressbar,qrcode,seat,share,shoppingview,sidebar,toast,tools,utils,wechatpay,wxpay,zip4j"
YoKeyword/Fragmentation,"activity-fragment,fragment,swipeback"
code4craft/webmagic,"crawler,framework,java,scraping"
Bearded-Hen/Android-Bootstrap,"android,android-animated-icons,android-bootstrap,android-library,android-ui,bootstrap-brands,glyph-icons,java,twitter-bootstrap-specification,widget"
dropwizard/dropwizard,"dropwizard,hibernate,java,jax-rs,jersey2,jetty,rest,web-framework"
cymcsg/UltimateRecyclerView,"android,java,recyclerview,ultimaterecyclerview"
kaushikgopal/RxJava-Android-Samples,"concurrency,example,java,learning-rxjava,reactive,reactive-programming,rxjava,sample,thread"
tbruyelle/RxPermissions,"android,android-permissions,rxjava"
iBotPeaches/Apktool,"9patch,android,apk,apktool,arsc,reverse-engineering"
alibaba/ARouter,"activity,android,componentization,navigation,router"
wasabeef/glide-transformations,"android,android-library,glide,glidev4,image-processing"
CarGuo/GSYVideoPlayer,"android,exoplayer,ffmpeg,https,ijkplayer,player,video,videocache"
koral--/android-gif-drawable,"android,animated-gifs,drawable,gif"
youth5201314/banner,"banner,imageloader,transformer,viewpager"
naver/pinpoint,"agent,apm,distributed-tracing,java,monitoring,performance"
alibaba/atlas,"android,atlas,dynamic"
jhy/jsoup,"css,dom,html,java,java-html-parser,jsoup,parse"
geeeeeeeeek/WeChatLuckyMoney,"android,hongbao,lucky-money,red-paceket"
aritraroy/UltimateAndroidReference,"android,android-apps,android-book,android-developers,android-development,android-game,android-library,android-open-source,android-studio,android-tests,kotlin-android,sample-android,twitter,websites"
ctripcorp/apollo,"config-management,configuration,configuration-management,eureka,spring-boot,spring-cloud-netflix,spring-data-jpa,spring-mvc"
lecho/hellocharts-android,"android,chart"
facebook/buck,"android,buck,build-tool,ios,java,python"
googlesamples/easypermissions,"android,android-library,permissions"
dropwizard/metrics,"java,metrics"
JessYanCoding/MVPArms,"android,android-application,android-architecture,android-library,architectural,architecture,arms,butterknife,dagger2,model-view-presenter,mvp,mvp-android,mvp-architecture,mvp-library,mvp-pattern,mvparms,presenter,retrofit2,rxjava,wiki-documentation"
DroidPluginTeam/DroidPlugin,"android,droid-plugin,hook,plugin,pluginframework,virtualization"
laobie/StatusBarUtil,"android,statusbar,statusbarutil,utils"
react-native-community/react-native-camera,"camera,face-detection,react-native,rncamera"
redisson/redisson,"cache,distributed,distributed-locks,executor,hibernate,java,list,lock,map,mapreduce,queue,redis,redis-client,redis-cluster,scheduler,session,set,spring,ssl,tomcat"
rey5137/material,"android,java,material"
dbeaver/dbeaver,"database,db2,dbeaver,erd,gui,mysql,oracle,postgresql,sql,sqlite"
OpenRefine/OpenRefine,"data,data-analysis,data-science,data-structures,data-visualization,datacleaning,datacleansing,dataexploration,datajournalism,datamining,datanalysis,datatransformer,datawrangling,java,javascript,journalism,opendata,openrefine,wikidata"
daniulive/SmarterStreaming,"android,android-player,android-publisher,android-rtmp,daniulive,ios,ios-player,ios-rtmp,player,rtmp,rtmp-client,rtmp-player,rtmp-pusher,rtsp,rtsp-player,rtsp2rtmp,windows,windows-player,windows-rtmp"
oracle/graal,"c,java,javascript,polyglot,python,r,ruby,vm"
JeffLi1993/springboot-learning-example,springboot
GcsSloop/AndroidNote,"android,android-studio,custom-view,gcssloop,notes"
neo4j/neo4j,"cypher,database,graph,graphdb,nosql"
crazycodeboy/TakePhoto,"android,android-cropper,camera,compress-images,crop-image,image-cropper,image-picker,takephoto"
QMUI/QMUI_Android,"android,android-ui,ui-components"
swagger-api/swagger-core,"java,openapi-specification,rest,rest-api,swagger,swagger-api"
freeCodeCamp/freeCodeCamp,"careers,certification,community,curriculum,d3,education,javascript,learn-to-code,math,nodejs,nonprofits,programming,react,teachers"
vuejs/vue,"framework,frontend,javascript,vue"
facebook/react,"declarative,frontend,javascript,library,react,ui"
d3/d3,visualization
airbnb/javascript,"arrow-functions,es2015,es2016,es2017,es2018,es6,eslint,javascript,linting,naming-conventions,style-guide,style-linter,styleguide,tc39"
FortAwesome/Font-Awesome,"css,font,fontawesome,icons,svg-icons,svg-sprites,webfont"
facebook/create-react-app,"build-tools,react,zero-configuration"
nodejs/node,"javascript,js,linux,macos,mit,node,nodejs,runtime,windows"
atom/atom,"atom,editor,electron,javascript,linux,macos,windows"
axios/axios,"http-client,javascript,nodejs,promise"
mrdoob/three.js,"3d,canvas,html5,javascript,scene-graph,svg,webgl,webvr"
reduxjs/redux,redux
webpack/webpack,"amd,build-tool,commonjs,compiler,es2015,es6,esm,javascript,javascript-compiler,javascript-modules,loaders,module-bundler,module-loader,plugins,web,web-performance,webpack,webpack2"
Semantic-Org/Semantic-UI,"button,css-framework,dropdown,flexbox,popup,semantic,sidebar,tooltip,ui,ui-components"
hakimel/reveal.js,"presentations,slides,slideshow"
h5bp/html5-boilerplate,"best-practices,css,html,html5,html5-boilerplate,javascript,robust"
meteor/meteor,"build-system,framework,javascript,meteor,mongodb,nodejs,npm,reactive-programming,zero-configuration"
expressjs/express,"express,javascript,nodejs,server"
mui-org/material-ui,"google-material,javascript,material,material-design,material-ui,react,react-components"
chartjs/Chart.js,"canvas,chart,graph,html5,html5-charts,javascript"
justjavac/free-programming-books-zh_CN,"android,angular,books,free,ios,javascript,kotlin,pdf,programming,python,react,react-native,swift,vue"
GoogleChrome/puppeteer,"automation,developer-tools,headless-chrome,node-module,testing,web"
Dogfalo/materialize,"css,design,framework,javascript,material,material-design"
lodash/lodash,"javascript,lodash,modules,utilities"
yarnpkg/yarn,"javascript,npm,package-manager,yarn"
apache/incubator-echarts,"chart,data-visualization,data-viz,echarts,javascript,visualization,visualize-data"
babel/babel,"ast,babel,compiler,es2015,es6,flavortown,javascript"
thedaviddias/Front-End-Checklist,"checklist,css,front-end-developer-tool,front-end-development,frontend,guidelines,html,javascript,lists,reference,resources,web-development"
zeit/next.js,"browser,components,nextjs,node,react,server-rendering,universal"
TryGhost/Ghost,"blogging,cms,javascript,journalism,publishing,web-application"
prettier/prettier,"ast,css,graphql,javascript,markdown,printer,typescript"
storybooks/storybook,"addons,angular,components,design-systems,isolation,javascript,library,polymer,react,react-native,storybook,styleguide,testing,ui,vue,webpack"
Unitech/pm2,"deploy,forever,load-balancer,manager,monitoring,node,nodejs,pm2,process,process-manager,production,startup-script"
trekhleb/javascript-algorithms,"algorithm,algorithms,computer-science,data-structures,graph,javascript,javascript-algorithms,sorting-algorithms,tree"
zeit/hyper,"css,html,hyperterm,javascript,react,terminal,terminal-emulators"
serverless/serverless,"aws,aws-lambda,azure-functions,google-cloud-functions,ibm-openwhisk,javascript,microservice,serverless,serverless-architectures,serverless-framework"
Kickball/awesome-selfhosted,"awesome,awesome-list,cloud,hosting,privacy,self-hosted,selfhosted"
caolan/async,"async,callbacks,javascript"
nylas/nylas-mail,"babel,electron,email,flux,javascript,linux,macos,nylas-mail,productivity,react,windows"
alvarotrigo/fullPage.js,"fullpage,fullscreen,javascript,jquery,mousewheel,onepage,scrolling,sections,slide,slideshow,snap,swipe"
lord/slate,"api,api-documentation,slate,static-site-generator"
parcel-bundler/parcel,"assets,build-tool,commonjs,compiler,css,es6,html,javascript,module-bundler,modules,web"
gatsbyjs/gatsby,"blog,documentation-tool,gatsby,react,static-site-generator"
Modernizr/Modernizr,"css3-features,feature-detection,javascript,javascript-library,modernizr"
zenorocha/clipboard.js,"clipboard,javascript"
hexojs/hexo,"hexo,javascript,nodejs,static-site-generator"
select2/select2,"javascript,jquery,select2"
photonstorm/phaser,"game-development,game-frameworks,html5-game-development,javascript,phaser,phaserjs,webgl"
Leaflet/Leaflet,"javascript,leaflet,maps"
koajs/koa,koa
videojs/video.js,"dash,flash,hls,html,html5,html5-audio,html5-video,javascript,player,video,videojs"
juliangarnier/anime,"animation,anime"
yangshun/tech-interview-handbook,"algorithm,algorithms,coding-interviews,interview-practice,interview-preparation,interview-questions"
Chalarangelo/30-seconds-of-code,"awesome-list,boilerplate,education,es6-javascript,javascript,learn-to-code,learning-resources,nodejs,programming,snippets,snippets-collection"
apache/incubator-superset,"dashboards,data,data-analysis,data-visualization,druid,sql-editor"
pixijs/pixi.js,"canvas,canvas2d,game,glsl,javascript,pixi,pixijs,renderer,rendering,rendering-2d-graphics,rendering-engine,webgl"
github/fetch,"fetch,javascript,polyfill,promise"
developit/preact,"components,dom,hyperscript,jsx,preact,preact-components,react,vdom,virtual-dom"
emberjs/ember.js,"ember,javascript"
postcss/postcss,"ast,css,framework,parser,postcss"
ryanmcdermott/clean-code-javascript,"best-practices,clean-architecture,clean-code,composition,inheritance,javascript,principles"
RocketChat/Rocket.Chat,"chat,collaboration,foss,free,javascript,meteor,mit,real-time,slack,webrtc"
react-boilerplate/react-boilerplate,"i18n,offline-first,react,react-boilerplate,redux,redux-saga,scaffolding,styled-components,webpack4"
quilljs/quill,"editor,quill,rich-text-editor,wysiwyg"
facebook/jest,"easy,expectation,facebook,immersive,javascript,painless,painless-javascript-testing,snapshot,testing"
standard/standard,"development,ecmascript,es6,eslint,javascript,linter,nodejs,standard,static-code-analysis,style-guide"
kriasoft/react-starter-kit,"babel,boilerplate,browsersync,flux,graphql,i18n,javascript,nodejs,react,reactjs,redux,ssr,webpack"
bevacqua/dragula,"component,drag-and-drop,drag-drop,dragging,front-end,javascript,vanilla"
elsewhencode/project-guidelines,"best-practices,guidelines,how-to,javascript,javascript-best-practices,maintainability"
verekia/js-stack-from-scratch,"bootstrap,eslint,flow,heroku,immutablejs,javascript,jest,jss,nodemon,pm2,react,react-router,redux,server-side-rendering,sinon,socket-io,stack,tutorial,webpack,yarn"
styled-components/styled-components,"css,css-in-js,react,styled-components"
webtorrent/webtorrent,"bittorrent,browser,javascript,nodejs,p2p,streaming,torrent,webrtc,webtorrent"
nolimits4web/swiper,"carousel,gallery,mobile,slider,swipe,swiper,touch,touch-events"
segmentio/nightmare,"browser,chrome,electron,headless-chrome,phantomjs"
mochajs/mocha,"bdd,browser,javascript,mocha,mochajs,nodejs,tdd,testing"
jlmakes/scrollreveal,"animation,javascript,reveal,scroll"
mobxjs/mobx,"javascript,mobx,react,reactive-programming,typescript"
postcss/autoprefixer,"css,postcss-plugins,prefixer"
justjavac/awesome-wechat-weapp,"weapp-demo,wechat-weapp,wxapp"
vuejs/vuex,"javascript,state-management,time-travel,vue,vuex"
bower/bower,"bower,front-end,javascript,package-manager"
jiahaog/nativefier,"desktop-application,electron,linux,macos,nodejs,windows"
remy/nodemon,"node,nodemon,watch"
sequelize/sequelize,"javascript,mariadb,mssql,mysql,orm,postgresql,sql,sqlite,transactions"
yangshun/front-end-interview-handbook,"css,css-questions,front-end,front-end-development,front-end-interview,html,html-questions,interview-questions,interview-test,javascript,js-questions,web-development"
tabler/tabler,"admin-dashboard,adminpanel,boilerplate-template,bootstrap,bootstrap4,bootstrap4-theme,css,dashboard,dashboard-templates,dashboards,html,jekyll,modular,sass,scss,theme,themes,ui-kit,uikit"
Marak/faker.js,"fake,fake-content,fake-data,faker,faker-generator,javascript,mocking,mocks"
airbnb/enzyme,"assertion-library,assertions,ava,chai,enzyme,jest,mocha,react,react-components,test,test-runners,testing,traversal"
hubotio/hubot,"bot,chat,hubot"
hyperapp/hyperapp,"framework,hyperapp,jsx,vdom"
avajs/ava,"assert,async,async-functions,ava,babel,cli,cli-app,concurrency,es2015,javascript,node,nodejs,performance,tap,tdd,test-framework,test-runner,testing,unicorns,unit-testing"
MostlyAdequate/mostly-adequate-guide,"functional-programming,javascript,reactive-programming,tutorial"
redux-saga/redux-saga,"effects,middleware,redux,redux-saga,sagas"
GoogleChrome/lighthouse,"audit,best-practices,chrome-devtools,developer-tools,performance-analysis,performance-metrics,pwa,web"
Popmotion/popmotion,"animation,css,javascript-motion-engine,motion,physics,popmotion,svg,tween"
feathericons/feather,"icons,javascript,svg"
enyo/dropzone,"coffeescript,drag-and-drop,dropzone,file-upload,javascript,javascript-library"
sentsin/layui,"css,html,javascript,js,layui,ui"
RubaXa/Sortable,"drag,drag-and-drop,drag-drop,draggable,droppable,reordering,sort,sortable,ui"
paularmstrong/normalizr,"api,flux,javascript,json,normalize,normalizr,reactjs,redux"
vinta/awesome-python,"awesome,collections,python,python-framework,python-library"
pallets/flask,"flask,jinja,python,web-framework,werkzeug,wsgi"
nvbn/thefuck,"python,shell"
jakubroztocil/httpie,"api,api-client,cli,client,curl,debugging,developer-tools,development,devops,http,http-client,httpie,jakubroztocil,json,python,rest,terminal,usability,web,wget"
django/django,"apps,django,framework,models,orm,python,templates,views,web"
requests/requests,"client,forhumans,http,kennethreitz,python,python-requests,requests"
ansible/ansible,"ansible,python"
keras-team/keras,"data-science,deep-learning,machine-learning,neural-networks,python,tensorflow"
scikit-learn/scikit-learn,"data-analysis,data-science,machine-learning,python,statistics"
scrapy/scrapy,"crawler,crawling,framework,python,scraping"
donnemartin/system-design-primer,"design,design-patterns,design-system,development,interview,interview-practice,interview-questions,programming,python,system,web,web-application,webapp"
XX-net/XX-Net,"gfw,goagent,proxy,uncensored,vpn"
certbot/certbot,"acme,acme-client,certbot,certificate,letsencrypt,python"
floodsung/Deep-Learning-Papers-Reading-Roadmap,deep-learning
0xAX/linux-insides,"linux,linux-insides,linux-kernel"
tldr-pages/tldr,"cheatsheets,command-line,console,documentation,examples,help,man-page,manpages,manual,shell,terminal,tldr"
getsentry/sentry,"crash-reporting,crash-reports,csp-report,devops,django,error-logging,error-monitoring,monitoring"
Valloric/YouCompleteMe,"code-analysis,code-completion,semantic-engine,vim"
faif/python-patterns,"design-patterns,idioms,python"
tornadoweb/tornado,"asynchronous,python"
home-assistant/home-assistant,"asyncio,home-automation,internet-of-things,iot,mqtt,python,raspberry-pi"
pandas-dev/pandas,"alignment,data-analysis,flexible,pandas,python"
ageitgey/face_recognition,"face-detection,face-recognition,machine-learning,python"
apache/incubator-mxnet,"artificial-intelligence,deep-learning,deep-neural-networks,distributed-systems,machine-learning,mxnet"
wangshub/wechat_jump_game,"adb,python,wechat-app"
drduh/macOS-Security-and-Privacy-Guide,"apple,disk-encryption,dnscrypt-proxy,macbook-configuration,macbook-security,macos,macos-security,macos-setup,osx,privacy,security"
donnemartin/interactive-coding-challenges,"algorithm,coding,competitive-programming,data-structure,development,interview,interview-practice,interview-questions,programming,python"
docker/compose,"docker,docker-compose,orchestration,python"
donnemartin/data-science-ipython-notebooks,"aws,big-data,caffe,data-science,deep-learning,hadoop,kaggle,keras,machine-learning,mapreduce,matplotlib,numpy,pandas,python,scikit-learn,scipy,spark,tensorflow,theano"
adobe-fonts/source-code-pro,"font,opentype-fonts,otf"
ipython/ipython,"data-science,ipython,jupyter,notebook,python,repl"
localstack/localstack,aws
HelloZeroNet/ZeroNet,"anonymity,anticensorship,bitcoin,bittorrent,decentralized,internet-freedom,p2p,realtime,tor,torrent,web"
keon/algorithms,"algorithm,algorithms,competitive-programming,data-structure,graph,interview,python,search,sort,tree"
pypa/pipenv,"kennethreitz,packaging,pip,pipfile,python,virtualenv"
sqlmapproject/sqlmap,"database,detection,exploitation,pentesting,python,sql-injection,takeover,vulnerability-scanner"
mitmproxy/mitmproxy,"http,http2,man-in-the-middle,proxy,python,security,ssl,tls,websocket"
binux/pyspider,"crawler,python"
littlecodersh/ItChat,"api,itchat,robot,wechat"
encode/django-rest-framework,"api,django,python,rest"
nicolargo/glances,"monitoring,multi-platform,python,restful,restful-api,system,terminal,web"
odoo/odoo,"apps,business,erp,management,odoo,odoo-apps,python"
celery/celery,"amqp,python,python-library,python2,python3,queue-tasks,queue-workers,queued-jobs,redis,sqs,sqs-queue,task-manager,task-runner,task-scheduler"
explosion/spaCy,"ai,artificial-intelligence,big-data,cython,data-science,deep-learning,machine-learning,natural-language-processing,neural-network,neural-networks,nlp,nlp-library,python,spacy"
StevenBlack/hosts,"ad-blocker,gambling-filter,hosts,malware,porn-filter,pornblocker,privacy,protection,python,ransomware,social-media-filter,trojans,unified-hosts"
google/python-fire,"cli,python"
spotify/luigi,"hadoop,luigi,orchestration-framework,python,scheduling"
getredash/redash,"analytics,angular,athena,bi,bigquery,mysql,postgresql,python,redash,redshift,visualization"
luongvo209/Awesome-Linux-Software,"applications,awesome-list,cli-app,cross-platform,desktop-environment,free,freeware-icon,gui-app,icon-theme,linux-app,linux-desktop,linux-resource,open-source,oss-icon,software,tools,ubuntu-linux"
tonybeltramelli/pix2code,"datasets,deep-learning,deep-neural-networks,front-end-development,graphical-user-interface"
chinese-poetry/chinese-poetry,"chinese,chinese-poetry,ci,json,poetry,tangshi"
powerline/powerline,"bash,fish,ipython,powerline,prompt,python,statusline,tmux,vim,zsh"
trailofbits/algo,"ansible,encryption,ikev2,ipsec,security,ssh-tunnel,strongswan,vpn,vpn-client,vpn-server,wireguard"
saltstack/salt,"cloud-management,cloud-providers,cloud-provisioning,configuration-management,event-management,event-stream,infrastructure-management,python,remote-execution,zeromq"
mbadolato/iTerm2-Color-Schemes,"color-scheme,iterm,iterm2,konsole,konsole-color-schemes,osx-terminal-themes,putty,putty-color-schemes,scheme,schemes,terminal,terminal-schemes,terminal-themes,terminator,theme,themes,xrdb,xresources"
yeasy/docker_practice,"book,cloud-computing,container,devops,docker,kubernetes,linux,mesos,spark,swarm"
eriklindernoren/ML-From-Scratch,"data-mining,data-science,deep-learning,deep-reinforcement-learning,genetic-algorithm,machine-learning,machine-learning-from-scratch"
jwilder/nginx-proxy,"docker,docker-gen,letsencrypt,nginx"
tflearn/tflearn,"data-science,deep-learning,machine-learning,neural-network,tensorflow,tflearn"
beetbox/beets,"cli,music,music-library,musicbrainz,python"
getpelican/pelican,"pelican,python,static-site-generator"
bokeh/bokeh,"bokeh,data-visualisation,interactive-plots,javascript,plots,plotting,python,visualization"
kivy/kivy,"android,app,ios,kivy,linux,macos,python,ui,windows"
locustio/locust,"benchmarking,http,load-testing,locust,performance-testing,python"
wting/autojump,"autojump,command-line-tool,filesystem,python"
mailpile/Mailpile,"e-mail,imap-client,pgp,search-engine,security,smtp-client,tags"
zulip/zulip,"apache,chat,collaboration,electron,foss,free,javascript,python,python3,react-native,slack,zulip"
google/yapf,"formatter,google,python"
Miserlou/Zappa,"api-gateway,aws-lambda,bottle,django,flask,lambda,pyramid,python,serverless,serverless-framework,zappa"
satwikkansal/wtfpython,"documentation,gotchas,python,snippets,wats,wtf"
mail-in-a-box/mailinabox,"email,mail,server,smtp"
RaRe-Technologies/gensim,"data-mining,data-science,document-similarity,fasttext,gensim,information-retrieval,machine-learning,natural-language-processing,neural-network,nlp,python,text-summarization,topic-modeling,word-embeddings,word-similarity,word2vec"
quantopian/zipline,"algorithmic-trading,python,quant,zipline"
dbcli/pgcli,"database,postgres,postgresql,psql,python"
eliangcs/http-prompt,"autocomplete,cli,developer-tools,development,http,http-client,json,python,rest-api,shell,syntax-highlighting,terminal,web-development"
rushter/MLAlgorithms,"deep-learning,machine-learning,machine-learning-algorithms,neural-networks,python"
sivel/speedtest-cli,"python,python-library,python-script,speedtest"
chiphuyen/stanford-tensorflow-tutorials,"chatbot,course-materials,deep-learning,machine-learning,natural-language-processing,nlp,stanford,tensorflow,tutorial"
aws/aws-cli,"aws,aws-cli,cloud,cloud-management"
nltk/nltk,"machine-learning,natural-language-processing,nlp,nltk,python"
tqdm/tqdm,"bar,cli,console,eta,gui,meter,parallel,progress,progress-bar,progressbar,progressmeter,python,rate,terminal,time,utilities"
wifiphisher/wifiphisher,"access-point,attack,malware,phishing,python,redteaming,rogue,security,wifi,wifiphisher"
codelucas/newspaper,"crawler,crawling,news,news-aggregator,python,scraper"
coursera-dl/coursera-dl,"archival,coursera,coursera-dl,downloader,lectures,python,storage,video,video-downloader"
joke2k/faker,"dataset,fake,fake-data,python,test-data,test-data-generator,testing"
clips/pattern,"machine-learning,natural-language-processing,network-analysis,python,sentiment-analysis,web-mining,wordnet"
matterport/Mask_RCNN,"instance-segmentation,keras,mask-rcnn,object-detection,tensorflow"
yunjey/pytorch-tutorial,"deep-learning,neural-networks,pytorch,pytorch-tutorial,tensorboard,tutorial"
lengstrom/fast-style-transfer,"deep-learning,neural-networks,neural-style,style-transfer"
requests/httpbin,"api,http,http-server,httpbin,json,python,service,testing"
gunthercox/ChatterBot,"bot,chatbot,chatterbot,conversation,language,machine-learning,python"
darknessomi/musicbox,"linux,music,netease-musicbox,python"
deis/deis,"containers,coreos,deis-paas,unsupported"
lauris/awesome-scala,"awesome,awesome-list,scala,scala-library,scalajs"
divio/django-cms,"cms,django,django-cms,python,web"
dbcli/mycli,"auto-completion,database,mycli,mysql,python,syntax-highlighting"
pallets/click,"cli,python"
waditu/tushare,"finance,fintech,pandas,python,realtime-quotes-data,stock-data,stock-market,tushare"
asciinema/asciinema,"asciicast,recorder,recording,terminal"
threat9/routersploit,"bruteforce,creds,dictionary-attack,embedded,exploits,infosec,python,router,router-exploitation-framework,routersploit,routersploit-framework,scanner,security"
laravel/laravel,"framework,laravel,php"
symfony/symfony,"bundle,framework,php,php-framework,psr-11,psr-13,psr-16,psr-3,psr-6,symfony,symfony-bundle"
bcit-ci/CodeIgniter,php
domnikl/DesignPatternsPHP,"code-examples,design-pattern,design-patterns,designpatternsphp,modern-php,oop,php,phpunit"
composer/composer,"composer,dependency-manager,package-manager,packages,php"
guzzle/guzzle,"curl,guzzle,httpclient,psr-7,webservices"
laravel/framework,"framework,laravel,php"
yiisoft/yii2,"framework,php,php-framework,yii,yii2"
PHPMailer/PHPMailer,"attachment,email,php,php-library,phpmailer,smtp,tls-support,xoauth2"
sebastianbergmann/phpunit,"php,phpunit,testing-tools"
phacility/phabricator,"git,hg,phabricator,php,svn"
matomo-org/matomo,"analytics,growth,intranet,log,marketing,matomo,mobile,php,piwik,privacy,web-analytics,website"
roots/sage,"blade,bootstrap,bootstrap4,browsersync,es6,sage,webpack,wordpress,wordpress-starter-theme,wordpress-theme"
phanan/koel,"audio,laravel,vue"
getgrav/grav,"cms,content,content-management,doctrine,flat-file,grav,markdown,php,php7,symfony,twig,website,website-builder,website-generation,yaml"
phalcon/cphalcon,"extension,framework,phalcon,php,php-extension,zephir"
CachetHQ/Cachet,"cachet,composer,laravel,php,statuspage,vuejs,web-application"
erusev/parsedown,"markdown,markdown-parser,parser,php"
serbanghita/Mobile-Detect,"device-detection,mobile-detect"
flarum/flarum,"flarum,forum,laravel,php"
cakephp/cakephp,"cakephp,form-builder,mvc,mvc-framework,orm,php,psr-7,rapid-development,rest-api,validation,web,web-framework"
filp/whoops,"error-handling,errors,php,php-errors,ui,whoops"
barryvdh/laravel-debugbar,"debugbar,laravel"
Intervention/image,"gd,image,imagick,intervention,laravel,manipulation,php,thumbnail,watermark"
octobercms/october,"backend,cmf,cms,framework,laravel,octobercms,php,platform"
barryvdh/laravel-ide-helper,"autocompletion,laravel"
nikic/PHP-Parser,"ast,parser,php,static-analysis"
overtrue/wechat,"easywechat,php,sdk,wechat"
thephpleague/flysystem,"filesystem,filesystem-library,php,thephpleague"
the-control-group/voyager,"laravel,laravel-admin,voyager"
walkor/Workerman,"asynchronous,event-driven,hhvm,high-performance,https,network,php,reactphp,realtime,socket,socket-server,ssl,tcp,timer,webserver,websocket,workerman,ws,wss"
tymondesigns/jwt-auth,"authentication,jwt,laravel,php"
owncloud/core,"enterprise,federated,file-sharing,file-sync,javascript,owncloud,php,platform,self-hosting,sharing"
ramsey/uuid,"guid,identifiers,php,ramsey,ramsey-uuid,uuid"
php-ai/php-ml,"artificial-intelligence,classification,cross-validation,data-science,feature-extraction,machine-learning,neural-network,php"
deployphp/deployer,"deployment,php,tool"
magento/magento2,"ecommerce,ecommerce-platform,magento,magento2,php"
docker/labs,"containers,docker,docker-compose,docker-tutorial,dotnet,java,lab,orchestration,security,swarm,swarm-mode,windows"
swiftmailer/swiftmailer,"email,emails,mailer,php"
mockery/mockery,"mock,mockery,mocking,php,phpunit,stub,test-doubles"
Maatwebsite/Laravel-Excel,"csv,laravel,laravel-5-package,laravel-package,php,phpexcel,phpoffice"
bobthecow/psysh,"cli,php,psysh,repl,shell"
twigphp/Twig,"php,psr-11,template-engine,template-language,templating,twig"
php-pm/php-pm,"application-server,php7,psr7,symfony"
squizlabs/PHP_CodeSniffer,"automation,cli,coding-standards,php,qa,static-analysis"
yiisoft/yii,"php,php-framework,yii"
dompdf/dompdf,"css,dompdf,font,html,html-to-pdf,pdf-generation,php"
pagekit/pagekit,"cms,content,content-management,pagekit,php,symfony,vue,website"
monicahq/monica,"crm,family,friends,laravel,php,prm,social"
nrk/predis,"php,predis,redis,redis-cluster,redis-sentinel"
Respect/Validation,"components,fluent-interface,php,standalone,validation,validation-engine,validator"
nextcloud/server,"cloud,collaboration,decentralized,design,distributed,enterprise,federated,federation,file-sharing,free-software,javascript,nextcloud,open-source,opensource,owncloud,php,self-hosting,sharing,usability,ux"
typecho/typecho,"blog,markdown,php,typecho"
woocommerce/woocommerce,"automattic,ecommerce,ecommerce-platform,php,woocommerce,wordpress"
humhub/humhub,"awesome,framework,php,social-network"
Sylius/Sylius,"ecommerce,ecommerce-platform,framework,php,shop,shopping-cart,sylius,symfony"
ratchetphp/Ratchet,"async,php,ratchet,websocket,websockets"
symfony/console,"cli,cli-command,component,console,php,symfony,symfony-component"
roots/bedrock,"bedrock,composer,wordpress,wordpress-boilerplate"
YOURLS/YOURLS,"bitly,php,shorten-urls,shorturl,url-shortener,url-shortner,yourls"
phpstan/phpstan,"php,php7,phpstan,static-analysis,static-analyzer,static-code-analysis,testing"
spatie/laravel-permission,"laravel,permission,php,secure"
thephpleague/oauth2-server,"oauth,oauth2,oauth2-server"
botman/botman,"bot,bot-framework,botman,chatbot,chatbot-framework,php"
mledoze/countries,"countries,csv,geojson,json,php,topojson,xml,yaml"
timber/timber,"php,timber,twig,upstatement,wordpress"
z-song/laravel-admin,"laravel-admin,model-form,model-grid,model-tree"
symfony/http-foundation,"component,http,http-messages,php,symfony,symfony-component"
silexphp/Silex,"framework,php,silex,symfony"
paragonie/random_compat,"csprng,php,php5,polyfill,random,random-bytes,random-generation,random-int,randomization,randomness,secure,secure-by-default"
flarum/core,"flarum,forum,javascript,laravel,php"
mgp25/Chat-API,"api,chat-api,library,php,whatsapp"
bolt/bolt,"bolt,cmf,cms,mysql,php,postgresql,silex,sqlite,symfony,symfony-application,theme,twig"
wp-cli/wp-cli,"php,wordpress,wp-cli"
abraham/twitteroauth,"php,php-library,twitter,twitter-api,twitter-oauth,twitteroauth"
symfony/event-dispatcher,"component,event-dispatcher,event-listener,events,php,symfony,symfony-component"
invoiceninja/invoiceninja,"expenses,invoice,invoices,javascript,kanban,laravel,payments,php,proposals,tasks,time-tracker"
symfony/finder,"component,files,finder,iterator,php,symfony,symfony-component"
kanboard/kanboard,"agile,kanban,kanboard,project-management,self-hosted"
symfony/polyfill-mbstring,"component,php,polyfill,symfony,symfony-component"
symfony/process,"component,php,process,process-manager,symfony,symfony-component"
wallabag/wallabag,"php,read-it-later,self-hosted,symfony,symfony-application,wallabag"
symfony/debug,"component,debug,php,symfony,symfony-component"
symfony/routing,"component,php,router,routing,symfony,symfony-component"
symfony/http-kernel,"component,http,php,symfony,symfony-component"
symfony/var-dumper,"component,php,symfony,symfony-component"
cakephp/phinx,"database-migrations,migrations,php,php-database-migrations"
jenssegers/laravel-mongodb,"eloquent,laravel,moloquent,mongo,mongodb,orm"
PHPOffice/PHPWord,"doc,docx,html,libreoffice-writer,msword,odt,pdf,php,rtf"
TechEmpower/FrameworkBenchmarks,"benchmark,framework,frameworkbenchmarks,performance,suite"
Codeception/Codeception,"acceptance-testing,bdd,codeception,end-to-end,integration-testing,php,phpunit,testing,unit-testing"
phan/phan,"analysis,analyzer,phan,php,static-analysis,static-code-analysis"
geocoder-php/Geocoder,geocoder
myclabs/DeepCopy,"clone,clone-deep"
symfony/translation,"component,i18n,intl,l10n,php,symfony,symfony-component,translation,translator"
catfan/Medoo,"composer,database,medoo,php,php-framework"
paragonie/awesome-appsec,"application-security,curated,owasp,reading-list,security,security-experts"
PHPOffice/PhpSpreadsheet,"excel,libreoffice,ods,php,phpexcel,spreadsheet,xls,xlsx"
johnlui/Learn-Laravel-5,"laravel,php"
phpmyadmin/phpmyadmin,"mariadb,mysql,php,phpmyadmin,web-app"
rails/rails,"activejob,activerecord,framework,html,mvc,rails,ruby"
jekyll/jekyll,"jekyll,ruby,static-site-generator"
discourse/discourse,"discourse,javascript,rails"
fastlane/fastlane,"android,apps,automation,deployment,fastlane,ios,mobile,screenshots"
gitlabhq/gitlabhq,"gitlab,rails,ruby"
jondot/awesome-react-native,"awesome-list,mobile,react,react-native"
huginn/huginn,"agent,automation,feed,feedgenerator,huginn,monitoring,notifications,rss,scraper,twitter,twitter-streaming,webscraping"
plataformatec/devise,"authentication,devise,plataformatec,rails,ruby"
freeCodeCamp/devdocs,"api-documentation,app,devdocs,developer-tools,docs,documentation,documentation-tool,offline,pwa"
ruby/ruby,"c,language,object-oriented,ruby,ruby-language"
tootsuite/mastodon,"activity-stream,activitypub,docker,gnu-social,mastodon,microblog,social-network,webfinger"
kilimchoi/engineering-blogs,"engineering-blogs,lists,programming-blogs,software-development,tech"
Homebrew/homebrew-cask,"cask,homebrew"
Homebrew/brew,"brew,homebrew,macos,package-manager,ruby"
diaspora/diaspora,"decentralized,distributed,federated,rails,ruby,social-network"
CocoaPods/CocoaPods,"cocoapods,dependency-manager,ios,mac,objective-c,swift"
capistrano/capistrano,"capistrano,deployment,ruby,ssh"
sinatra/sinatra,"rack,ruby,sinatra,web-framework"
spree/spree,"commerce,commerce-engine,e-commerce,ecommerce,ecommerce-platform,rails,ruby,rubyonrails,spree,storefront"
rubocop-hq/rubocop,"linter,rubocop,ruby,static-code-analysis"
Hacker0x01/hacker101,"clickjacking,csrf,education,hacker101,hackerone,hacking,security,session-fixation,sql-injection,unchecked-redirects,web-security,xss"
elastic/logstash,"etl-framework,java,jruby,logging,real-time-processing,streaming"
mperham/sidekiq,"ruby,sidekiq"
thoughtbot/bourbon,"bourbon,bourbon-family,css,sass,sass-functions,sass-library,sass-mixins,scss"
jordansissel/fpm,packaging
ruby-grape/grape,"api,grape,ruby"
atech/postal,"mail,mail-server,postal,ruby,smtp"
activeadmin/activeadmin,"activeadmin,admin-ui,arbre,rails,ruby"
kaminari/kaminari,"kaminari,pagination,rails,ruby"
plataformatec/simple_form,"dsl,form-builder,rails,rails-helper,ruby"
mame/quine-relay,quine
omniauth/omniauth,"authentication,omniauth"
stympy/faker,"fake,ruby"
fluent/fluentd,"cncf,data-collector,fluentd,log-collector,logging,ruby"
middleman/middleman,"middleman,static-site-generator"
thoughtbot/factory_bot,"factories,factory-bot,factory-girl,fixtures,rails,ruby,rubygems,testing,thoughtbot"
github/linguist,"language-grammars,language-statistics,linguistic,syntax-highlighting"
progit/progit,"book,deprecated"
chef/chef,"cfgmgt,chef,devops,ruby"
puma/puma,"multithreading,rack,ruby,server"
realm/jazzy,"ruby,sourcekit,sourcekitten,swift,xcode"
presidentbeef/brakeman,"brakeman,rails,ruby,security,security-audit,security-tools,security-vulnerability,static-analysis,vulnerabilities"
bkeepers/dotenv,"dotenv,ruby"
evil-icons/evil-icons,"evil-icons,icons,javascript,ruby,svg,svg-icons"
slim-template/slim,"ruby,slim,template-engines"
primer/octicons,"gem,icons,jekyll,nodejs,octicons,octicons-helper,rails,svg"
github-changelog-generator/github-changelog-generator,"changelog,changelog-generator,generator,github-api,github-extension,labels,markdown,notable-changes,ruby"
hanami/hanami,"api,hanami,ruby,ruby-application,web,web-application"
rails-api/active_model_serializers,"json,resource-serializer,ruby"
jnunemaker/httparty,"http,httparty,ruby"
github/scientist,"refactoring,ruby,rubygem,scientist"
drapergem/draper,"decorators,ruby"
backup/backup,"backup,database,encryption,mongodb,mysql,postgresql,ruby,s3,slack"
sj26/mailcatcher,"development,devtools,mail,rails,ruby,rubygems,server,smtp"
github/markup,readme
bundler/bundler,"dependency-manager,ruby,rubygems"
CanCanCommunity/cancancan,"authorization,cancancan,rails"
mroth/lolcommits,"git,git-addons,humor,selfie,webcam"
doorkeeper-gem/doorkeeper,"authorization,doorkeeper,grape,oauth,oauth2-provider,oauth2-server,ruby-on-rails"
shakacode/react_on_rails,"heroku-deployment,javascript-api,npm-module,rails-development,rails-views,react,react-components,react-rails,redux,redux-saga,redux-store,ruby-gem,ruby-on-rails,shakacode,webpack"
thoughtbot/administrate,"admin-dashboard,rails,ruby"
errbit/errbit,"airbrake,crash-reporting,error-monitoring,ruby"
Homebrew/homebrew-core,"core,formulae,homebrew,ruby,tap"
kickstarter/rack-attack,"rack,rack-attack,rack-middleware,ruby"
opal/opal,"browser,compiler,javascript,js,nodejs,opal,ruby"
samaaron/sonic-pi,"art,audio,education,instrument,live-coding,livecoding,music,schools,synthesis,synthesizer"
willianjusten/awesome-svg,"awesome-list,svg"
prawnpdf/prawn,"pdf,pdf-generator,prawn,ruby"
DeathKing/Learning-SICP,"compiler-principles,functional-programming,interpreters,open-course,scheme,sicp"
refinery/refinerycms,"demo,inquiry,news,rails,refinery,refinery-cms,ruby"
chyingp/nodejs-learning-guide,"crypto,express,nodejs"
arsduo/koala,"facebook,ruby,ruby-on-rails,social-network"
colszowka/simplecov,"code-quality,coverage,coverage-library,coverage-report,rails,ruby,test-coverage"
rack/rack,ruby
aasm/aasm,"aasm,activerecord,mongoid,ruby,state-machine,transition"
wpscanteam/wpscan,"hacking-tool,security,security-scanner,wordpress,wpscan"
cesarferreira/dryrun,"android,dryrun,gradle,ruby,tool"
rails/webpacker,"frontend,javascript,rails,webpack,yarn"
thoughtbot/suspenders,"rails,template"
padrino/padrino-framework,"padrino,ruby,waf"
github/gemoji,"emoji,ruby,rubygem,unicode"
jruby/jruby,"concurrency,invokedynamic,jruby,jvm,performance,ruby,ruby-language"
sagivo/algorithms,"algorithm,computer-science,interview-questions,ruby"
ctran/annotate_models,"activerecord,rails,ruby"
layervault/psd.rb,"document,file-format,parser,photoshop,psd,renderer,ruby"
thoughtbot/clearance,"clearance,rails,rails-authentication,ruby,rubygem,thoughtbot"
octokit/octokit.rb,"github,github-api,octokit"
rmosolgo/graphql-ruby,"graphql,rails,relay,ruby"
swanson/stringer,"feed-reader,feedjira,rss,rss-reader,ruby"
sensu/sensu,monitoring
supermarin/xcpretty,"ci,continuous-integration,ios"
troessner/reek,"linters,parsing,quality,ruby,smell,smell-detector,smell-warnings,static-analysis"
X140Yu/Developing_iOS_8_Apps_With_Swift,"ios,swift,translations"
github/janky,"hubot-script,jenkins,ruby"
aws/aws-sdk-ruby,"aws,aws-sdk,cloud,ruby"
danger/danger,"automation,bitbucket,ci,circle,code-review,danger,github,gitlab,travis"
nomad/houston,"apns,cli,houston,nomad,notifications,ruby"
travisjeffery/timecop,"rails,ruby,test,time"
activeadmin/inherited_resources,rails
deivid-rodriguez/byebug,"byebug,debugger,repl,ruby"
robbyrussell/oh-my-zsh,"productivity,shell,terminal,theme,zsh-configuration"
mathiasbynens/dotfiles,"bash,dotfiles,macos"
StreisandEffect/streisand,"ansible,anyconnect,censorship,openconnect,openvpn,shadowsocks,ssh,streisand,stunnel,tor,vpn,wireguard"
tj/git-extras,git
source-foundry/Hack,"developer,developer-tools,font,hack,ttf,typeface,web-fonts"
redox-os/redox,"microkernel,operating-system,redox,rust"
pi-hole/pi-hole,"ad-blocker,blocker,cloud,dhcp,dnsmasq,pi-hole,raspberry-pi,shell"
Neilpang/acme.sh,"acme,acme-protocol,ash,bash,certbot,letsencrypt,posix,posix-sh,shell"
Bash-it/bash-it,"bash,bash-alias,bash-completion,bash-configuration,bash-hacks,bash-prompt,productivity,shell,terminal,themes"
dotnet/core,"dotnet,dotnet-core"
learnbyexample/Command-line-text-processing,"awk,command-line,ebook,grep,linux,perl,ruby,sed,text-processing"
Nyr/openvpn-install,"bash,centos,debian,openvpn,shell,ubuntu,vpn"
rgcr/m-cli,"bash,cli,mac,macos,sh"
dnschneid/crouton,"chromeos,chroot,crouton,debian,kali,linux,minecraft,shell,ubuntu"
hwdsl2/setup-ipsec-vpn,"ikev2,ipsec,l2tp,network,security,vpn,vpn-server"
k4m4/movies-for-hackers,"awesome,awesome-list,collection,curated-list,hacking,list,movies,sexy-lists"
jessfraz/dockerfiles,"bash,containers,docker,dockerfile,dockerfiles,linux,shell"
k4m4/terminals-are-sexy,"awesome,awesome-list,collection,curated-list,list,sexy-lists,terminal"
RetroPie/RetroPie-Setup,"emulation,pi,raspberry-pi,retrogaming"
alexanderepstein/Bash-Snippets,"backup,bash,cheatsheet,currency-converter,encryption,movies,qrencode,recommendation-engine,stock-prices,url-shortner,weather,youtube-player"
snowdream/awesome-android,"android,android-libs"
laradock/laradock,"docker,docker-compose,docker-containers,docker-images,php,php-container"
zsh-users/zsh-autosuggestions,"autocomplete,autosuggest,fish,shell,zsh,zsh-autosuggestions"
NodeOS/NodeOS,"javascript,nodejs,nodeos,operating-system"
sindresorhus/pure,"git,minimal,prompt,pure,shell,shell-prompt,shell-theme,terminal,theme,zsh"
kamranahmedse/git-standup,"agile,git,git-,git-addons,git-standup,meeting,standup"
zsh-users/zsh-syntax-highlighting,"screenshot,shell,syntax-highlighting,zsh,zsh-syntax-highlighting"
Gazler/githug,git
dylanaraps/pure-bash-bible,"bash,bible,book,guide,handbook,how-to,learning,list,reference,script,shell,shell-scripts"
bhilburn/powerlevel9k,"eye-candy,powerline-fonts,terminal,terminal-themes,tools,zsh"
sameersbn/docker-gitlab,"code-hosting,containers,docker,docker-image,git,gitlab,gitlab-ce"
holman/dotfiles,"dotfiles,shell,zsh"
sb2nov/mac-setup,"fresh-installs,gitbook,guide,guidebook,install,installation,mac,mac-osx,macos,setup"
CISOfy/lynis,"auditing,compliance,devops,devops-tools,gdpr,hardening,hipaa,linux,pci-dss,security-audit,security-hardening,security-scanner,security-tools,security-vulnerability,shell,system-hardening,unix,vulnerability-assessment,vulnerability-detection,vulnerability-scanners"
MichielDerhaeg/build-linux,"busybox,kernel,tutorial"
deviantony/docker-elk,"docker,docker-compose,elasticsearch,elk,kibana,logstash,searchguard"
spotify/docker-gc,"docker,garbage-collection"
osxfuse/osxfuse,"file-system,fuse,macos,user-space"
zsh-users/antigen,"package-manager,plugin-manager,shell,zsh"
Varying-Vagrant-Vagrants/VVV,"vagrant,varying-vagrant-vagrants,vvv,wordpress"
kaldi-asr/kaldi,"c-plus-plus,cuda,kaldi,shell,speaker-id,speaker-verification,speech,speech-recognition,speech-to-text"
rvm/rvm,"jruby,mri-ruby,rbx,rubinius,ruby,ruby-environment,ruby-versions,rvm"
denysdovhan/spaceship-prompt,"oh-my-zsh,prompt,shell,shell-prompt,shell-theme,spaceship,terminal,zsh,zsh-theme,zsh-users"
git-ftp/git-ftp,"deploy,ftp,git,git-ftp,shell,sync,upload"
lukas2511/dehydrated,"acme,bash,certificate,letsencrypt,shell,signing,zsh"
Azure/azure-quickstart-templates,"arm,azure,templates"
moovweb/gvm,"dependency-manager,golang"
dylanaraps/neofetch,"bash,command-line,commandline,distro,neofetch,screenshot,script"
oh-my-fish/oh-my-fish,"fish,fishshell,fishshell-framework,oh-my-fish,oh-my-zsh,omf,prompt,shell"
judasn/Linux-Tutorial,"centos,elasticsearch,fastdfs,gitlab,jenkins,linux,mysql,nginx,nmon,ubuntu,vmware"
teddysun/shadowsocks_install,"shadowsocks,shadowsocks-libev,shadowsocks-server,shadowsocksr,ssr"
todotxt/todo.txt-cli,"cli,shell,todo,todo-list,todoapp,todolist,todos,todotxt"
asdf-vm/asdf,"elixir,erlang,nodejs,ruby,version-manager"
opengapps/opengapps,"android,apk,gapps,open,opengapps,opensource,xda"
kylemanna/docker-openvpn,"docker,docker-container,docker-openvpn,easyrsa-pki,openvpn,openvpn-server,pki"
JrCs/docker-letsencrypt-nginx-proxy-companion,"docker,letsencrypt,nginx-proxy"
kholia/OSX-KVM,"emulation,hackintosh,high-sierra,kvm,macos,macos-installer,macos-sierra,osx,qemu,qemu-kvm"
AaronJackson/vrn,"3d,computer-vision,computervision,deeplearning,face,reconstruction,torch7"
nodejs/docker-node,"docker,docker-image,docker-node,node,nodejs"
fisherman/fisherman,"concurrency,fish-shell,plugin-manager"
tomav/docker-mailserver,"amavis,docker,dovecot,fail2ban,imap,ldap,letsencrypt,mail,mailserver,opendkim,opendmarc,postfix,postgrey,smtp,spamassassin,ssl"
jupyter/docker-stacks,"docker,jupyter,jupyterhub,notebook"
jkaving/intellij-colors-solarized,"color-scheme,color-theme,intellij,solarized"
petervanderdoes/gitflow-avh,"git,git-flow,shell,workflow"
google/oss-fuzz,"fuzzing,security,stability"
hendricius/the-bread-code,"baking,bread,cooking,recipes,sourdough"
lesspass/lesspass,"anonymous,lesspass,password,password-manager,passwords,privacy,self-hosted"
cknadler/vim-anywhere,"keyboard-shortcuts,osx,shell,text-editor,vim"
skywind3000/awesome-cheatsheets,"adb,awesome,bash,cheatsheet,gdb,go,linux,nano,vim"
HIT-Alibaba/interview,"interview,interview-preparation"
SeleniumHQ/docker-selenium,"docker,docker-selenium,selenium,selenium-grid,selenium-node,selenium-server,webdriver"
erikw/tmux-powerline,"configuration,powerline,segments,statusbar,tmux,tmux-powerline"
zplug/zplug,"zplug,zsh"
oblique/create_ap,"access-point,hostapd,wifi,wpa2"
rootsongjc/kubernetes-handbook,"big-data,cloud-computing,cloud-native,containers,docker,faas,gitbook,handbook,kubernetes,microservices,pdf,serverless,service-mesh,spark"
Urigo/angular-meteor,"angular,angular-meteor,angular2-meteor,angularjs,meteor,node"
speed47/spectre-meltdown-checker,"cve-2017-5715,cve-2017-5753,cve-2017-5754,cve-2018-3639,cve-2018-3640,dragonflybsd,freebsd,kernel,linux,meltdown,mitigation,netbsd,spectre"
adobe-fonts/source-sans-pro,"font,opentype-fonts,otf"
Mayccoll/Gogh,"bash,color-scheme,gnome-terminal,linux,mint,pantheon-terminal,shell,terminal"
drwetter/testssl.sh,"bigip,caa,cipher,crime,ct,drown,freak,heartbleed,hpkp,hsts,logjam,ocsp,openssl,poodle,rc4,socket,ssl,ticketbleed,tls"
oracle/docker-images,docker
qw3rtman/git-fire,"emergency,git"
zsh-users/zsh-completions,"completion,shell,zsh,zsh-completions"
KittyKatt/screenFetch,"bash,desktop,information-retrieval,shell"
jamesob/desk,"bash,desk,shell,shell-script,workspace-manager,zsh"
Fakerr/git-recall,"command-line,git,log"
opsnull/follow-me-install-kubernetes-cluster,"coredns,docker,docker-registry,efk,etcd,flanneld,harbor,heapster,kubernetes"
hwdsl2/docker-ipsec-vpn-server,"docker,docker-image,ipsec,l2tp,network,security,vpn,vpn-server"
vulhub/vulhub,"docker,docker-compose,vulhub,vulnerability-environment"
kewlbear/FFmpeg-iOS-build-script,"ffmpeg,ios,tvos"
Anthony25/gnome-terminal-colors-solarized,"dircolors,gnome-terminal-themes,solarized"
PapirusDevelopmentTeam/papirus-icon-theme,"icon-theme,icons,linux,papirus,papirus-icon-theme,papirus-theme,theme"
ttlequals0/autovpn,"autovpn,aws,openvpn-configuration,openvpn-endpoints"
jessfraz/dotfiles,"bash,containers,docker,dotfiles,linux,shell"
goreliu/wsl-terminal,"mintty,terminal-emulator,windows-subsystem-linux,wsl"
lj2007331/lnmp,"lamp,lemp,lnmh,lnmp,lnmpa,mariadb,memcached,mysql,nginx,openresty,percona,php,redis,tengine"
Angristan/OpenVPN-install,"arch-linux,bash,centos,debian,dns,encryption,openvpn,ubuntu,vpn"
x2on/OpenSSL-for-iPhone,"encryption,ios,iphone,objective-c,openssl,openssl-libraries,openssl-library,tvos,xcode"
ryanmjacobs/c,"c,clang,cli,compiler,cpp,gcc,script,tcc"
Medicean/VulApps,"cve,docker,struts,vulnerabilities,vulnhub"
